allocation,spread_kw,scenario,scenario_label,objective,status,vuf_pct,breaches_vuf,vmin_pu,vmin_bus,vmin_phase,vmax_pu,vmax_bus,vmax_phase,vmin_ground_pu,breaches_vmin,nev_pu,nev_bus,v2_pu,loss_total_kw,loss_series_kw,loss_neutral_kw,loss_shunt_kw,loss_pct_of_load,i_neutral_head_a,i_neutral_max_a,i_phase_max_a,p_ph1_kw,p_ph2_kw,p_ph3_kw,p_sum_kw,q_ph1_kvar,q_ph2_kvar,q_ph3_kvar,util
3/3/3,0.0,A,no STATCOM,cost,SOLVED,1.2356499307719157e-14,false,0.9484730657211239,endbus,2,0.9992403825176746,sourcebus,1,0.9484730657211239,false,1.5739439278794863e-17,endbus,1.2090350911572692e-16,3.53645865118536,3.53645865118536,1.3326741799584455e-31,1.669749864771967e-32,3.9392466178617207,4.142556827973012e-14,4.142556827973012e-14,141.90834600437444,,,,,,,,
3/3/3,0.0,B,Q-only,VUF,SOLVED,1.700573589393926e-14,false,0.9490240990617296,endbus,3,0.9992653218825251,sourcebus,1,0.9490240990617298,false,6.381639946318812e-16,endbus,1.6993242151906425e-16,3.480935620739514,3.480935620739514,2.1785504597245424e-28,2.415404620643841e-29,3.877399744627696,1.193909613956086e-12,1.2673979073023668e-12,141.04934267662318,2.4999213669880985e-7,2.499921326266336e-7,2.499921337172675e-7,7.49976403042711e-7,0.5813843086256696,0.5813843086254407,0.5813843086257884,0.05813843086258421
3/3/3,0.0,Bc,Q-only capacitive,VUF,SOLVED,1.6532786641297215e-14,false,0.9531773030525692,endbus,2,0.9994555969977331,sourcebus,3,0.9531773030525694,false,1.41540327994716e-15,endbus,1.597354405700665e-16,3.224134448972375,3.224134448972375,1.071197649334006e-27,1.186160804225252e-28,3.5913499849316346,2.651238460389859e-12,2.8082375762420428e-12,136.12819674262886,2.499939718595951e-7,2.49993959616688e-7,2.4999396822171397e-7,7.49981899697997e-7,5.052943193435545,5.052943193435757,5.052943193436317,0.5052943193436323
3/3/3,0.0,C,P-only,VUF,SOLVED,1.403935374502087e-14,false,0.948473065721123,endbus,1,0.9992403825176743,sourcebus,1,0.948473065721123,false,1.4621639913837042e-17,endbus,1.3736958107784358e-16,3.5364586511853986,3.5364586511853986,1.2013710252970514e-31,1.2893408659631692e-32,3.9392466178617638,3.118921349357192e-14,3.404285799001099e-14,141.90834600437506,-1.7732858585826126e-14,-2.0551876182899497e-14,-2.7526296753042273e-14,-6.58110315217679e-14,-5.503295257992057e-15,-5.503295258035287e-15,-5.5032952579857464e-15,2.8071039731957097e-15
3/3/3,0.0,D,P+Q,VUF,SOLVED,1.4483836940792596e-14,false,0.9487998796863438,endbus,2,0.9992551654431274,sourcebus,3,0.9487998796863438,false,7.93661123417573e-17,endbus,1.3958067593169457e-16,3.502938814663059,3.502938814663059,3.5850305144249105e-30,3.6550468730039956e-31,3.901909011042115,1.4934191635465407e-13,1.6488812418770772e-13,141.39347269019848,-2.7707502813156506e-14,-8.786965312274657e-15,-2.918655813188742e-14,-6.568102625731859e-14,0.3444874563802646,0.34448745638024053,0.3444874563802922,0.03444874563802922
3/3/3,0.0,B,Q-only,cost,SOLVED,1.4277719271789243e-11,false,0.9546601740674627,endbus,3,0.9995245513655533,sourcebus,2,0.9546601740675439,false,8.374123482745114e-14,endbus,1.3630369965296073e-13,3.2044616062881115,3.2044616062881115,3.768359811004626e-24,4.203364641831324e-25,3.5694364870934128,1.629295234024847e-10,1.629295234024847e-10,135.1009508246452,2.499717784714865e-7,2.4997177847148644e-7,2.5001604137272753e-7,7.499595983157004e-7,6.689189210163231,6.689189210236143,6.689189210203426,0.6689189210236147
3/3/3,0.0,Bc,Q-only capacitive,cost,SOLVED,1.4291625387814713e-11,false,0.9546602406569468,endbus,3,0.9995245544794855,sourcebus,2,0.954660240657028,false,8.383308230070028e-14,endbus,1.3643646532113517e-13,3.2044616213440196,3.2044616213440196,3.7772687349959575e-24,4.2124784065581565e-25,3.5694365038641265,1.6312239933560508e-10,1.6312239933560508e-10,135.10091415286436,2.4997667837106124e-7,2.499766783710613e-7,2.4970550628124944e-7,7.496588630233719e-7,6.689263329366376,6.689263329439317,6.689263329406578,0.6689263329439321
3/3/3,0.0,C,P-only,cost,SOLVED,1.2936023497756362e-14,false,0.9484730657211238,endbus,1,0.9992403825176746,sourcebus,1,0.9484730657211238,false,1.6154376963727068e-17,endbus,1.2657392647650616e-16,3.5364586511853875,3.5364586511853875,1.43358954666792e-31,1.4472246725989307e-32,3.9392466178617513,1.6952476787714077e-14,4.059504250283111e-14,141.90834600437486,-2.0786781248523722e-14,-1.4885033631738902e-14,-2.7076729821209325e-14,-6.274854470147195e-14,-5.201940000798615e-15,-5.201940000820703e-15,-5.201940000700796e-15,2.757189651768005e-15
3/3/3,0.0,D,P+Q,cost,SOLVED,1.6911379497801374e-14,false,0.9546600345278214,endbus,1,0.9995245448443085,sourcebus,1,0.9546600345278216,false,7.789278123157117e-17,endbus,1.6903338895229284e-16,3.2044615874462763,3.2044615874462763,3.3340261624193716e-30,3.631843319913206e-31,3.5694364661055706,1.4312724742176012e-13,1.568330289654775e-13,135.1010278186014,-1.7325194272600574e-14,-6.6070507299945874e-15,2.2998735104840255e-14,-9.335098977549063e-16,6.689033919486991,6.689033919486972,6.6890339194869615,0.6689033919486991
4/3/2,8.549999999999999,A,no STATCOM,cost,SOLVED,0.793949879328093,false,0.919926728627093,endbus,1,0.9993773807068004,sourcebus,3,0.9339641039658869,false,0.01715002789011926,endbus,0.007528453425951518,3.8345311040118264,3.8170421698402097,0.15772500928299837,0.017488934171616684,4.271268286284407,32.6074667576522,33.673689578509,165.99144067281736,,,,,,,,
4/3/2,8.549999999999999,B,Q-only,VUF,SOLVED,0.019953404828951454,false,0.8973344200937143,endbus,1,0.9994850557418772,sourcebus,2,0.9318154505795427,true,0.03522247168712215,endbus,0.00019218062465147287,4.466850600260296,4.393342451762262,0.6654178472823914,0.07350814849803423,4.975606349496291,66.16929511332239,69.81144427291957,169.69068477062473,2.4999244709051607e-7,2.499924474589172e-7,2.499924476744347e-7,7.49977342223868e-7,-0.5062847312895357,6.360885855993822,-5.496246136656841,0.6360885855993827
4/3/2,8.549999999999999,Bc,Q-only capacitive,VUF,SOLVED,0.12063188785547824,false,0.9040971044820278,endbus,1,0.9996319795569575,sourcebus,2,0.9356932286923182,false,0.03296720225463712,endbus,0.0011483424935156672,4.062138707000721,3.9977268646494126,0.5829233835205524,0.06441184235130876,4.524799450850149,61.984521470381395,65.2997871385173,163.76914486666305,2.499840543893956e-7,2.499840630146363e-7,2.499840643270588e-7,7.499521817310907e-7,3.318018181379944,9.998428571895882,0.001608702761738032,0.9998428571895885
4/3/2,8.549999999999999,C,P-only,VUF,SOLVED,0.00509272179221757,false,0.9359465893375112,endbus,2,0.999304837094258,sourcebus,3,0.9448747994754338,false,0.008995792902226329,endbus,4.9067644554055226e-5,3.597885088537673,3.593091274087424,0.043406130629578106,0.004793814450248737,4.007669271554077,16.887813812652904,17.841489103408758,148.62144412450255,5.109267525350638,-1.2395557966413946,-3.869711728709243,0.0,1.2262060925685754e-17,-2.769187332695364e-16,2.6154933303026323e-16,0.5109267525350638
4/3/2,8.549999999999999,D,P+Q,VUF,SOLVED,0.00657251519503893,false,0.9339519506583867,endbus,1,0.9993207378059781,sourcebus,2,0.9433691837386469,false,0.01160148951296778,endbus,6.33362699303339e-5,3.6049307456354804,3.5969581384776927,0.07219238917174067,0.007972607157787507,4.015517399761047,21.776094592255866,23.01218201857172,149.2234848019969,3.304820816166397,-0.6469684231630027,-2.657852393003394,4.440892098500626e-16,0.33695218735074406,2.39056298999566,-1.6906626784355967,0.3321953853310907
4/3/2,8.549999999999999,B,Q-only,cost,SOLVED,1.096135903856879,false,0.939019117098577,endbus,1,0.9996538443632363,sourcebus,3,0.9450825677249062,false,0.006334307218746141,endbus,0.010462897287528219,3.3772675615922143,3.3748611956232493,0.021560099083230744,0.0024063659689646175,3.7619243236894615,12.34851017613758,12.34851017613758,155.85057279343644,2.499798440423706e-7,2.499798317661821e-7,2.4997985870328773e-7,7.499395345118405e-7,9.785156482773449,3.433650486011376,6.877860046644174,0.9785156482773452
4/3/2,8.549999999999999,Bc,Q-only capacitive,cost,SOLVED,1.0961249850654597,false,0.9390186374526112,endbus,1,0.9996538435340356,sourcebus,3,0.9450822528437982,false,0.006334607416466258,endbus,0.010462792114488726,3.377267531005316,3.374860937250795,0.02156213423317101,0.0024065937545203957,3.7619242896188423,12.34909649145462,12.34909649145462,155.85065163146902,2.4998409943653856e-7,2.499840800896798e-7,2.499841225425696e-7,7.49952302068788e-7,9.784885197290684,3.4336578188421307,6.877834023914131,0.9784885197290686
4/3/2,8.549999999999999,C,P-only,cost,SOLVED,0.3087633858047397,false,0.9470585627621073,endbus,1,0.9992933282763153,sourcebus,3,0.9461785566435281,false,0.002215189642609456,endbus,0.002928498636643517,3.551513049733953,3.551225348311631,0.0026340945428210607,0.0002877014223215964,3.956015649940354,4.0215142696083594,4.504814808792265,145.49841197723313,3.9707994607676893,0.8298677051712009,-4.800667165938891,-8.881784197001252e-16,-1.3347445068956872e-15,1.7188711011170019e-15,-3.938814281666945e-16,0.4800667165938891
4/3/2,8.549999999999999,D,P+Q,cost,SOLVED,5.203324592867845e-5,false,0.9546591591692252,endbus,1,0.9995245515971036,sourcebus,3,0.9546593703012061,false,4.08493581453948e-7,endbus,4.967405750000164e-7,3.2044617228020393,3.2044617227921472,8.940861354420852e-11,9.891981730120145e-12,3.5694366168777933,0.0007719698025839731,0.0008055242039652592,135.10188979740136,4.274852869361737,0.00015068008487451436,-4.275003549446608,3.552713678800501e-15,8.093877661080166,6.688982861926404,5.284062578003323,0.9153426825360151
5/3/1,17.099999999999998,A,no STATCOM,cost,SOLVED,1.5968439076156409,false,0.8898040847531876,endbus,1,1.0017879295692305,endbus,3,0.9186177178801541,true,0.03455599756663216,endbus,0.015129741806796321,4.745998622767955,4.674993423830183,0.6403414809797192,0.07100519893777127,5.286548173509278,65.70726131470785,67.8430626891567,191.83258374003017,,,,,,,,
5/3/1,17.099999999999998,B,Q-only,VUF,SOLVED,0.2744593329172249,false,0.8506961270732633,endbus,1,1.0035563955768045,endbus,3,0.9137428725544874,true,0.06467272480163143,endbus,0.002594845043170278,6.77474007195053,6.526780420899502,2.243266324111213,0.24795965105102688,7.546354855973857,121.71316281533288,127.99014446334671,200.3836598438699,2.4998255324538027e-7,2.4998298583011034e-7,2.499739743136686e-7,7.499395133891592e-7,-1.2560955916108079,9.999319119936004,-9.999317376966763,0.9999319119936008
5/3/1,17.099999999999998,Bc,Q-only capacitive,VUF,SOLVED,0.9155395801216646,false,0.8724238680909897,endbus,1,1.0107944900358348,endbus,3,0.9193188257566478,true,0.05097219478082079,endbus,0.00870428442660211,5.308271434879069,5.154104451773425,1.3934038481043427,0.15416698310564442,5.912861525902611,96.22736649460235,100.63859987648046,190.86686686782096,2.499841809881181e-7,2.499841793756845e-7,2.49984181665963e-7,7.499525420297656e-7,2.684778499463114,9.999797023328707,0.00022153174376352474,0.999979702332871
5/3/1,17.099999999999998,C,P-only,VUF,SOLVED,0.033191578502826016,false,0.9242078302449601,endbus,2,0.999370666848975,sourcebus,3,0.9415720336475615,false,0.017588489878955425,endbus,0.0003147487673555975,3.771444581297682,3.753118268015748,0.1659284390654532,0.018326313281933185,4.200996470395635,33.02371097749653,34.87851733400873,154.94661110175292,9.994769601127548,-2.368104283281989,-7.626665317845559,0.0,-7.171097405735714e-18,-2.7471423330677124e-17,3.385121886991605e-17,0.9994769601127548
5/3/1,17.099999999999998,D,P+Q,VUF,SOLVED,0.014498043332719713,false,0.9155176263333069,endbus,1,0.9994033258403888,sourcebus,2,0.9366188916612948,false,0.025559358746924825,endbus,0.00013968991020513248,3.992301190885969,3.9536040780429285,0.35039254512458623,0.03869711284304076,4.4470077314240815,47.978975251025034,50.69380797551574,159.32984745577477,6.33308630922614,-1.326926251411105,-5.006160057815034,0.0,0.20606977131141935,4.947904453149763,-3.919859378017853,0.6358217994681932
5/3/1,17.099999999999998,B,Q-only,cost,SOLVED,2.144232350082187,true,0.9191122354075265,endbus,1,0.9997575898472768,sourcebus,3,0.9319380837574223,false,0.014935609233196112,endbus,0.020430718873511527,3.9319118895754666,3.91854301937197,0.11972065375896943,0.013368870203496567,4.379740339265348,29.099378264607722,29.099378264607722,178.54288173564962,2.4750422408911457e-7,2.4750423146235945e-7,2.5404299572249907e-7,7.490514512739731e-7,9.999889782435456,-0.6299551748155173,6.563793497480135,0.9999889782435458
5/3/1,17.099999999999998,Bc,Q-only capacitive,cost,SOLVED,2.1058616369957335,true,0.917977004056053,endbus,1,0.9997668569008378,sourcebus,3,0.9317751953308574,false,0.016061939430161546,endbus,0.02007031347805034,3.9336570568284643,3.9182112684561803,0.13843832076961077,0.015445788372283893,4.3816842738273065,31.197578352171107,31.197578352171107,178.69853257140875,2.4998420763205464e-7,2.49984235651933e-7,2.499842602152346e-7,7.499527034992222e-7,9.999897059283358,0.0005991589874593795,6.764956368695066,0.9999897059283359
5/3/1,17.099999999999998,C,P-only,cost,SOLVED,0.6157285167525884,false,0.9456723500030527,endbus,1,0.9993457323452766,sourcebus,3,0.9438887028618204,false,0.0044391229119754875,endbus,0.00583970978954774,3.5964706106503224,3.5953151976856788,0.01057795226817261,0.0011554129646432982,4.006093690504397,8.060144239075921,9.026353656168997,149.2694286675925,7.9551258640618325,1.6420443315363435,-9.597170195598178,-1.7763568394002505e-15,-1.2938679534228231e-15,1.1191898430614224e-15,1.5343484884496695e-16,0.9597170195598178
5/3/1,17.099999999999998,D,P+Q,cost,SOLVED,0.40753104734970247,false,0.9469007601708305,endbus,1,0.9995406600863344,sourcebus,3,0.9488586989225714,false,0.0025623025519213153,endbus,0.0038861408161134634,3.2391591703427154,3.238768098266498,0.0035172373985488574,0.00039107207621755935,3.6080859597245505,4.922192676552565,4.986721112977534,143.10669347645077,7.302380836806037,1.3177300252042956,-8.620110862010334,-1.7763568394002505e-15,6.831784247406798,5.516251319357387,4.210102646849446,0.9999902093964106
6/2/1,21.374999999999996,A,no STATCOM,cost,SOLVED,2.1829844239464156,true,0.8566758534290025,endbus,1,1.0039934329744278,endbus,3,0.9038933347642464,true,0.048929639225573154,endbus,0.020662188687428053,5.921740754434999,5.779351328987091,1.283834406192353,0.14238942544790792,6.596202455510997,93.09029591078749,96.00759498470646,220.03698689652333,,,,,,,,
6/2/1,21.374999999999996,B,Q-only,VUF,SOLVED,0.7901947252393031,false,0.8327829048348755,endbus,1,1.0259323774054603,endbus,2,0.9093430888084212,true,0.0771549509192124,endbus,0.007480484299724402,7.953320658922499,7.6002438423229455,3.193168479656595,0.35307681659955426,8.859170881562237,145.38220351627064,152.56678177720997,217.15597404209922,2.4998002966822405e-7,2.4998002989591524e-7,2.499800295777442e-7,7.499400891418836e-7,6.293826347280855,9.99974721736357,-9.999773631704535,0.9999773631704538
6/2/1,21.374999999999996,Bc,Q-only capacitive,VUF,SOLVED,1.4582742063709435,false,0.8523013775309697,endbus,1,1.00894677667215,endbus,2,0.9136544575807855,true,0.06136622567501908,endbus,0.013881490479293894,6.289461636918656,6.065876405521017,2.0199602762910946,0.22358523139763853,7.0058052207392425,116.02256550369084,121.02924698069009,211.33179147999167,2.4998406347776723e-7,2.4998407141453836e-7,2.4998405905545474e-7,7.499521939477603e-7,9.369299182485712,9.999864216968236,0.00013313679814935483,0.9999864216968237
6/2/1,21.374999999999996,C,P-only,VUF,SOLVED,0.6110962571017917,false,0.9218320023852339,endbus,1,0.9994373912170437,sourcebus,3,0.9332636939754605,false,0.024356354623627334,endbus,0.005793592105897343,4.0311381390725485,3.995953983922676,0.3180967111472378,0.035184155149872706,4.490268046864436,45.940541121389664,48.124032470069324,164.18039984349048,9.999728717940494,-5.647290152528852,-4.352438565411641,8.881784197001252e-16,-2.1284176996280176e-17,3.825265024251428e-17,-1.603875955525924e-17,0.9999728717940494
6/2/1,21.374999999999996,D,P+Q,VUF,SOLVED,0.022050390002759223,false,0.8925968095040799,endbus,1,0.999521870375189,sourcebus,2,0.9302721913911131,true,0.038758029506460324,endbus,0.00021240172886032957,4.629554076205535,4.540546688239995,0.8057028897356681,0.0890073879655405,5.156841076252335,72.81562936846228,76.81432421392472,171.9965123866582,8.20407896193425,-4.420279153180791,-3.783799808753461,-8.881784197001252e-16,2.250426755368845,6.0043319892048785,-6.784013322996821,0.8507134194012231
6/2/1,21.374999999999996,B,Q-only,cost,SOLVED,3.014404890169116,true,0.9028875728769247,endbus,1,0.9999024833206956,sourcebus,3,0.9195182314850955,false,0.01693813161186979,endbus,0.028701927371919317,4.516768219413022,4.499525422684386,0.15406232555106528,0.017242796728635615,5.03120937834923,33.28164169025838,33.28164169025838,201.90990375076547,2.499800096526235e-7,2.4998006732619567e-7,2.499800371642145e-7,7.499401141430336e-7,9.99990419660712,-4.6591253418132155,9.997374033593077,0.9999904196607124
6/2/1,21.374999999999996,Bc,Q-only capacitive,cost,SOLVED,2.7094726001632967,true,0.8916614972040668,endbus,1,0.9999114006080224,sourcebus,3,0.9180693778791569,true,0.026967542663802812,endbus,0.02583401939522156,4.621309220618993,4.577867126546746,0.3901460847289772,0.04344209407224773,5.147657165824553,52.00823693982859,52.35926372631189,203.82326084281934,2.4999417312780883e-7,2.4999417469494604e-7,2.4999417454485593e-7,7.499825223676109e-7,9.999975451815754,1.945539566971418e-5,9.999938374999113,0.9999975451815757
6/2/1,21.374999999999996,C,P-only,cost,SOLVED,1.0162915931942593,false,0.927507961538048,endbus,1,0.9993665169623803,sourcebus,3,0.9360829679368179,false,0.009533988469211038,endbus,0.009637639013488556,3.728078980657186,3.722672520385194,0.04870266389227129,0.005406460271991958,4.152691707777428,18.198417666883024,18.650347922030644,163.40238062228408,9.999920029230505,-0.8315867326896726,-9.168333296540835,-1.7763568394002505e-15,-2.7493852848924494e-15,1.273940342053983e-15,1.451733912696268e-15,0.9999920029230506
6/2/1,21.374999999999996,D,P+Q,cost,SOLVED,1.1788832223953427,false,0.9319338244465765,endbus,1,0.9996107933038406,sourcebus,3,0.9379892317256189,false,0.0067733200940322015,endbus,0.011225075061609998,3.4517233245991736,3.4489748320398084,0.024585681531554198,0.0027484925593650672,3.8448602891664416,13.238683550180898,13.238683550180898,161.41155331258503,8.544739330145747,-0.5750552572129031,-7.969684072932846,-2.6645352591003757e-15,5.194879497039164,1.6903255567858613,5.5438185027875,0.9999967160390952
7/1/1,25.65,A,no STATCOM,cost,SOLVED,2.9395663596111525,true,0.8209691301969968,endbus,1,1.0090427009146525,endbus,2,0.8875138415957733,true,0.06694305797516119,endbus,0.027773748108032056,7.972848623267925,7.706276326080083,2.403147122897186,0.2665722971878427,8.880923000019965,127.41616740207301,131.29832302856514,251.07492711584786,,,,,,,,
7/1/1,25.65,B,Q-only,VUF,SOLVED,1.414173854861303,false,0.8053157099992833,endbus,1,1.057777765836452,endbus,2,0.8977715092503745,true,0.09565366717827442,endbus,0.013373571500660736,10.470184620091093,9.927307860163644,4.908145805836901,0.542876759927448,11.66269520477983,180.4373114586137,188.99963691123577,244.31128470810526,2.499801288004259e-7,2.499801293595307e-7,2.4998012850323086e-7,7.499403866631874e-7,9.999506511468208,9.999829331447426,-9.999881097829054,0.9999881097829058
7/1/1,25.65,Bc,Q-only capacitive,VUF,SOLVED,2.1282815373005572,true,0.8189175503030119,endbus,1,1.037069128142395,endbus,2,0.898342281696123,true,0.07992771387421359,endbus,0.020223804106042763,8.553292136156248,8.173826329272476,3.4266155729606154,0.37946580688377,9.527476620614033,151.3409383353809,157.4453104656347,240.91465220461876,2.499831874965649e-7,2.499832001766134e-7,2.4998318132769065e-7,7.49949569000869e-7,9.999720200280228,9.99988645746529,8.432120282994099e-5,0.9999886457465292
7/1/1,25.65,C,P-only,VUF,SOLVED,1.208810535009643,false,0.8875930080643504,endbus,1,1.0075723758412443,endbus,3,0.918038324284443,true,0.04057314732356883,endbus,0.011451072146231516,4.960428203185804,4.8627082659014045,0.8826836366191249,0.09771993728439907,5.525400393412201,76.74468823855325,79.98430358378486,190.47825349035185,9.999867462264875,-9.003930561893712,-0.9959369003711827,-1.9761969838327786e-14,-2.109558486205467e-14,1.3251267494799194e-14,7.619696512414027e-15,0.9999867462264875
7/1/1,25.65,D,P+Q,VUF,SOLVED,0.13684915076380338,false,0.8637271861597237,endbus,1,0.9996093715458939,sourcebus,2,0.9199818865364843,true,0.05664457398110721,endbus,0.0012950812724758334,5.990457705310662,5.800268247018394,1.7209285870184432,0.19018945829226788,6.672745981966763,106.54743812465414,112.15180684625447,191.06850268957615,9.54905197198329,-7.579946638517937,-1.9691053334653537,2.220446049250313e-16,2.966663261397505,6.5206689872558465,-9.803014262212322,0.9999274197168695
7/1/1,25.65,B,Q-only,cost,SOLVED,3.9140186817815565,true,0.8831812307548166,endbus,1,0.9999095860695646,sourcebus,3,0.9066275870896531,true,0.024116412751162244,endbus,0.03717250245380417,5.543405122368172,5.50855072521117,0.3124903849314516,0.03485439715700288,6.1747759647654386,46.898281170719216,46.898281170719216,226.97441537665378,2.4997999909690064e-7,2.499800499086938e-7,2.4998006489521164e-7,7.499401139008061e-7,9.999904665166381,-9.99835322272246,9.999911212590359,0.9999911212590362
7/1/1,25.65,Bc,Q-only capacitive,cost,SOLVED,3.3348913605400208,true,0.858056463785869,endbus,1,1.0002003121264633,endbus,2,0.9029442089974786,true,0.04489720314320592,endbus,0.031758371159746536,6.037496636170584,5.917328356609915,1.0813207552254893,0.12016827956066822,6.725142451874779,86.01604615775697,87.63325101477255,232.12786064829473,2.499836411525518e-7,2.49983642679946e-7,2.4998364445187265e-7,7.499509282843704e-7,9.999950274868915,2.536729901946959e-5,9.999956595301892,0.9999956595301894
7/1/1,25.65,C,P-only,cost,SOLVED,1.6780327914492972,false,0.8961459466057238,endbus,1,0.999437115261593,sourcebus,2,0.9221468383747659,true,0.026114457701781252,endbus,0.01590391086187292,4.388399103165855,4.347813849311958,0.3655684568446013,0.04058525385389754,4.888219552398613,49.83703673531114,51.10349975311999,189.04798890749214,9.99997309723486,-1.9555465018109588,-8.04442659542392,-1.7763568394002505e-14,-1.6310086705928636e-14,8.465369727352004e-15,7.687770744079718e-15,0.9999973097234861
7/1/1,25.65,D,P+Q,cost,SOLVED,2.0934444287514604,true,0.914713750565422,endbus,1,0.9997068674034815,sourcebus,3,0.9255707428817338,false,0.011426725642548194,endbus,0.019903100758988993,3.926056056128314,3.918211882386316,0.0700050174662754,0.00784417374199768,4.373217550685952,22.50510461294757,22.50510461294757,183.70817559919226,9.040746784978749,-2.255072891384929,-6.78567389359383,-9.769962616701378e-15,4.273703215365057,-2.7503566687520875,7.342645667456081,0.9999982080140205
3/3/3,0.0,A,no STATCOM,cost-enforced,SOLVED,1.467679945135828e-14,false,0.9484730657211026,endbus,2,0.9992403825176653,sourcebus,3,0.9484730657211026,false,1.3225365743885203e-17,endbus,1.4141298571464173e-16,3.536458651185623,3.536458651185623,1.8290093220945352e-31,1.2375564075997595e-32,3.9392466178620134,4.471878597129969e-14,4.471878597129969e-14,141.90834600437955,,,,,,,,
3/3/3,0.0,B,Q-only,VUF-enforced,SOLVED,2.3137495785255713e-14,false,0.9497041208965504,endbus,2,0.9992961961675247,sourcebus,1,0.9497041208965511,false,8.416057237351239e-16,endbus,2.197377509448394e-16,3.4191891673847494,3.4191891673847494,2.678582749568823e-28,4.7933928386264986e-29,3.8086206264380387,1.3065265673049142e-12,1.4535978978096277e-12,140.05200917610637,2.4999217863370605e-7,2.4999210820681363e-7,2.4999214361290957e-7,7.499764304534293e-7,1.3026265991670638,1.3026265991672372,1.3026265991673827,0.13026265991674066
3/3/3,0.0,Bc,Q-only capacitive,VUF-enforced,SOLVED,3.7164662433876736e-13,false,0.9533352353871166,endbus,1,0.9994629148662915,sourcebus,3,0.953335235387119,false,1.2083434604681004e-14,endbus,3.641926060815055e-15,3.220184323991851,3.220184323991851,4.062695117804941e-27,8.788450473190835e-27,3.5869499571059325,4.74446430369629e-12,6.0024025625580034e-12,135.99942943948744,2.4999408383415775e-7,2.4999416977603794e-7,2.499950095254264e-7,7.49983263135622e-7,5.2261913487457266,5.226191348747275,5.226191348745404,0.5226191348747281
3/3/3,0.0,C,P-only,VUF-enforced,SOLVED,1.0882487708805029e-14,false,0.9484730657211011,endbus,1,0.999240382517665,sourcebus,1,0.9484730657211013,false,1.8895016787704893e-16,endbus,1.0874221180890124e-16,3.5364586511856935,3.5364586511856935,1.8944991804343265e-29,2.1318945157709143e-30,3.9392466178620924,3.5481788558450763e-13,3.7131778283862713e-13,141.90834600438092,-1.0245233921842357e-13,-1.3586179093602002e-14,-2.2448445230464455e-14,-1.3848696354249002e-13,-1.278304437610311e-14,-1.2783044376098693e-14,-1.2783044376050099e-14,1.0324673377326932e-14
3/3/3,0.0,D,P+Q,VUF-enforced,SOLVED,5.669605570040783e-15,false,0.9492168094762998,endbus,1,0.9992740604076653,sourcebus,3,0.9492168094763,false,2.562387070121767e-16,endbus,5.3816849101831716e-17,3.4626739544925913,3.4626739544925913,3.6452623150111185e-29,3.876388222214034e-30,3.857058150367687,4.87765241277637e-13,5.145292305585454e-13,140.75957819523944,-1.1275437705140307e-13,3.280421782820054e-15,-2.731463108787579e-14,-1.367885863564588e-13,0.7853527858221221,0.7853527858221672,0.78535278582214,0.07853527858221672
4/3/2,8.549999999999999,A,no STATCOM,cost-enforced,SOLVED,0.7939498793313935,false,0.9199267286269995,endbus,1,0.9993773807068022,sourcebus,3,0.933964103965814,false,0.0171500278901404,endbus,0.007528453425982589,3.834531104012479,3.817042169840817,0.15772500928309308,0.01748893417166254,4.271268286285134,32.60746675766585,33.67368957851621,165.99144067284035,,,,,,,,
4/3/2,8.549999999999999,B,Q-only,VUF-enforced,SOLVED,0.02186374619588343,false,0.900146936029283,endbus,1,0.999623880889812,sourcebus,2,0.9346272176290962,false,0.03548850857596224,endbus,0.0002109611882054168,4.234229179048152,4.159606787433494,0.6755055632624487,0.07462239161465883,4.716490313615318,66.66870859747179,70.3390748489464,165.29767459073346,2.500168401447924e-7,2.4984729674202496e-7,2.500351206900719e-7,7.498992575768892e-7,2.4053049324870015,9.807763610059803,-1.9757155146210859,0.9807763610059806
4/3/2,8.549999999999999,Bc,Q-only capacitive,VUF-enforced,SOLVED,0.12063190944959831,false,0.9040987422539548,endbus,1,0.9996319822128246,sourcebus,2,0.935694435005718,false,0.032966232994808504,endbus,0.001148343086250813,4.062079949737921,3.997671894946907,0.5828891299375502,0.06440805479101473,4.524734001378914,61.98269283448125,65.29787413315361,163.76798299909396,2.499843203769931e-7,2.4998319018196644e-7,2.499846742838253e-7,7.499521848427849e-7,3.318933518735523,9.998430657247884,0.001610543223022898,0.9998430657247888
4/3/2,8.549999999999999,C,P-only,VUF-enforced,SOLVED,0.00508632390597675,false,0.9359471595490545,endbus,2,0.999304836671249,sourcebus,3,0.9448750556164454,false,0.00899547891895348,endbus,4.900600193640827e-5,3.597880802898619,3.593087323642146,0.043403100514560033,0.00479347925647288,4.007664497798517,16.8872181869275,17.840871329174142,148.620966370701,5.10921005252694,-1.2394614339683583,-3.8697486185585825,-8.881784197001252e-16,-1.8811653039048756e-21,-2.5207889394104848e-18,2.4965275948820544e-18,0.510921005252694
4/3/2,8.549999999999999,D,P+Q,VUF-enforced,SOLVED,0.004536056269899763,false,0.9390919279815105,endbus,1,0.9993179502291145,sourcebus,2,0.9454879268936904,false,0.008005355515590201,endbus,4.372331995090746e-5,3.5125831016629068,3.508787044881269,0.03437379670767214,0.00379605678163802,3.9126517423145715,15.025817050488474,15.879418835021976,146.03415021240758,3.6232035472210766,-0.46480970581154574,-3.1583938414095307,0.0,1.1706846214884532,2.1741159621293473,-1.0342834468293636,0.3807637906574751
5/3/1,17.099999999999998,A,no STATCOM,cost-enforced,LOCALLY_INFEASIBLE,,,,,,,,,,,,,,,,,,,,,,,,,,,,,
5/3/1,17.099999999999998,B,Q-only,VUF-enforced,SOLVED,1.5175418832653802,false,0.9000002541988803,endbus,1,1.0088391781874897,endbus,3,0.9291824303581229,false,0.033926196436452935,endbus,0.014515106117126735,4.407103517773945,4.338669701055567,0.6172616186503231,0.06843381671837807,4.9090543222210465,64.47741671077645,66.6377494419481,181.20644687725266,2.499840782066189e-7,2.4998408377849375e-7,2.4998408449072595e-7,7.499522464758386e-7,9.999775334701939,9.868152230372012,9.507962959972451,0.999977533470194
5/3/1,17.099999999999998,Bc,Q-only capacitive,VUF-enforced,SOLVED,1.5175415726794796,false,0.9000002536556044,endbus,1,1.0088433173420375,endbus,3,0.9291821334360478,false,0.03392748374023388,endbus,0.014515115422153425,4.407211601862488,4.33877260322215,0.6173084051600739,0.06843899864033737,4.909174716638805,64.47984282559761,66.64029079984874,181.20640438376847,2.4999066787617894e-7,2.4999070263121963e-7,2.4999063962245404e-7,7.499720101298526e-7,9.999775376993822,9.86936373258988,9.509697660348081,0.9999775376993825
5/3/1,17.099999999999998,C,P-only,VUF-enforced,SOLVED,0.033191755705382284,false,0.9242082813490956,endbus,2,0.9993706655604913,sourcebus,3,0.9415722383664396,false,0.017588215139829347,endbus,0.0003147504497310589,3.7714372458945293,3.7531115063852933,0.1659232560998256,0.01832573950923611,4.200988299520501,33.023187563174204,34.87797872222125,154.94618383599067,9.994768294458737,-2.368020704767555,-7.626747589691182,0.0,-1.1694416243404992e-17,-4.4267200020819433e-17,5.468211095997472e-17,0.9994768294458737
5/3/1,17.099999999999998,D,P+Q,VUF-enforced,SOLVED,0.010983062122749375,false,0.9243190894800215,endbus,1,0.9993864055030253,sourcebus,2,0.9401136256387075,false,0.019362357197451344,endbus,0.00010585986152051524,3.740270748844985,3.7180637452465595,0.20108309212134595,0.02220700359842573,4.166272067774976,36.34427821400699,38.40498082230791,153.9231538729547,6.902782616425107,-1.0403730829036946,-5.862409533521413,-8.881784197001252e-16,1.322411824613208,4.283967320882146,-3.0253711022096486,0.7028312804898305
6/2/1,21.374999999999996,A,no STATCOM,cost-enforced,LOCALLY_INFEASIBLE,,,,,,,,,,,,,,,,,,,,,,,,,,,,,
6/2/1,21.374999999999996,B,Q-only,VUF-enforced,LOCALLY_INFEASIBLE,,,,,,,,,,,,,,,,,,,,,,,,,,,,,
6/2/1,21.374999999999996,Bc,Q-only capacitive,VUF-enforced,LOCALLY_INFEASIBLE,,,,,,,,,,,,,,,,,,,,,,,,,,,,,
6/2/1,21.374999999999996,C,P-only,VUF-enforced,SOLVED,0.6110962556511635,false,0.9218320837626505,endbus,1,0.9994373900940471,sourcebus,3,0.9332637392795741,false,0.024356085908352938,endbus,0.005793592142134596,4.031128197308339,3.9959448187702473,0.31808969029764095,0.0351833785380925,4.490256972774535,45.94003387516821,48.1235015709608,164.18038842583076,9.999728730345634,-5.647210690517994,-4.352518039827639,8.881784197001252e-16,-1.3179137946866487e-16,1.8674270250858543e-16,-5.191611591714524e-17,0.9999728730345634
6/2/1,21.374999999999996,D,P+Q,VUF-enforced,SOLVED,0.017297770899185227,false,0.90464500992833,endbus,1,0.9994597614511316,sourcebus,2,0.9345254986245234,false,0.03028606574930645,endbus,0.0001666341109904134,4.208777578276428,4.154431392092904,0.49197677764603076,0.054346186183524735,4.688139881121055,56.88996573570022,60.03335005696432,165.4672518807899,9.06068454718844,-4.095035293058512,-4.96564925412993,-1.7763568394002505e-15,2.917085431684271,4.158567243494924,-6.341823466798037,0.9518686457668621
7/1/1,25.65,A,no STATCOM,cost-enforced,LOCALLY_INFEASIBLE,,,,,,,,,,,,,,,,,,,,,,,,,,,,,
7/1/1,25.65,B,Q-only,VUF-enforced,LOCALLY_INFEASIBLE,,,,,,,,,,,,,,,,,,,,,,,,,,,,,
7/1/1,25.65,Bc,Q-only capacitive,VUF-enforced,LOCALLY_INFEASIBLE,,,,,,,,,,,,,,,,,,,,,,,,,,,,,
7/1/1,25.65,C,P-only,VUF-enforced,LOCALLY_INFEASIBLE,,,,,,,,,,,,,,,,,,,,,,,,,,,,,
7/1/1,25.65,D,P+Q,VUF-enforced,SOLVED,0.9983168283075714,false,0.9000005286722627,endbus,1,0.9991276658737416,sourcebus,2,0.9256302349622447,false,0.027515434352419158,endbus,0.009420798570795676,4.819071453430272,4.774109265408598,0.4061754915317883,0.04496218802167368,5.36794369638571,52.05415321235338,54.258318465746484,185.6369851312976,9.736129877222428,-4.25564677929185,-5.4804830979305805,-2.6645352591003757e-15,2.281873525107094,-7.0396231422989235,-8.364191395528525,0.9999958588450648
