rating_kva,scenario,scenario_label,status,vuf_pct,breaches_vuf,vmin_pu,vmin_bus,vmin_phase,vmax_pu,vmax_bus,vmax_phase,vmin_ground_pu,breaches_vmin,nev_pu,nev_bus,v2_pu,loss_total_kw,loss_series_kw,loss_neutral_kw,loss_shunt_kw,loss_pct_of_load,i_neutral_head_a,i_neutral_max_a,i_phase_max_a,p_ph1_kw,p_ph2_kw,p_ph3_kw,p_sum_kw,q_ph1_kvar,q_ph2_kvar,q_ph3_kvar,util
0.0,A,no STATCOM,SOLVED,2.9395663596111525,true,0.8209691301969968,endbus,1,1.0090427009146525,endbus,2,0.8875138415957733,true,0.06694305797516119,endbus,0.027773748108032056,7.972848623267925,7.706276326080083,2.403147122897186,0.2665722971878427,8.880923000019965,127.41616740207301,131.29832302856514,251.07492711584786,,,,,,,,
5.0,B,Q-only,SOLVED,2.675976371227412,true,0.8182345204085891,endbus,1,1.0171286009734688,endbus,2,0.8893373668415071,true,0.07114232421644044,endbus,0.02529158037276293,8.183168817716533,7.882246367648596,2.714310219766067,0.3009224500679361,9.11519779194267,135.17462646169534,139.73481363778257,249.14479575481286,2.499783121051754e-7,2.499783183155652e-7,2.499783131037839e-7,7.499349435245245e-7,1.6665556537154746,1.6665625601262133,-1.6666011394656641,0.9999606836794097
5.0,Bc,Q-only capacitive,SOLVED,2.794824662136893,true,0.8207395941068512,endbus,1,1.0137368405059193,endbus,2,0.8894443866074115,true,0.06886220700847853,endbus,0.026433433311592255,7.964238759614331,7.682232349726171,2.543026915982584,0.28200640988816017,8.871332508620808,130.9496343707814,135.16521365350675,248.5429693242902,2.4998533062935467e-7,2.499853394780111e-7,2.499853346077526e-7,7.499560047151183e-7,1.6665692054110084,1.6665728171469447,6.803930505134827e-5,0.9999436902881781
5.0,C,P-only,SOLVED,2.6261041442779276,true,0.8326649708183167,endbus,1,1.0082723475354662,endbus,3,0.8930280593215422,true,0.061346312099087835,endbus,0.024828380347818632,7.217944465682437,6.994122461510452,2.018049349445301,0.22382200417198458,8.040038391180659,116.70691087930462,120.36721043810186,240.06950639519596,1.6666038696395362,-1.6663982791228567,-0.0002055905166766855,2.880237281316367e-15,4.625790896353811e-16,-3.0169604267763656e-16,-1.5441290169637117e-16,0.9999623217837217
5.0,D,P+Q,SOLVED,2.464998730945487,true,0.8286201764487804,endbus,1,1.0059763230216712,endbus,2,0.8932255099130295,true,0.06500061743233643,endbus,0.023299606939744966,7.475054701718942,7.223857658584689,2.2657451486575657,0.2511970431342536,8.326432416283978,123.50712502629582,127.6649269539544,240.52968507037303,1.5884409314939834,-1.2728473229132824,-0.31559360858070223,-1.27675647831893e-15,0.5044931768051327,1.0758212576847452,-1.6364434845631413,0.9999784322593297
10.0,B,Q-only,SOLVED,2.4153978961449374,true,0.8155541924554773,endbus,1,1.0252232221200943,endbus,2,0.8911203745453157,true,0.07561451122673944,endbus,0.022834667556982914,8.474206006756381,8.13441849681425,3.0665008752102776,0.33978750994213186,9.439382909224596,143.4335722160061,148.72271093955064,247.5168147273835,2.4997836262435546e-7,2.499783685335818e-7,2.4997836312071316e-7,7.499350942786504e-7,3.333196635130211,3.33322087765442,-3.333262347872687,0.9999787043618089
10.0,Bc,Q-only capacitive,SOLVED,2.653575986662153,true,0.8204666035216658,endbus,1,1.0184197046252035,endbus,2,0.8913252837492365,true,0.07088656907606564,endbus,0.025122603371397195,7.997852155063004,7.699095334811863,2.694856170829049,0.29875682025114075,8.9087743303403,134.67759568459056,139.24339364468878,246.3347829730267,2.499946667175146e-7,2.49994671963854e-7,2.499946672094285e-7,7.499840058907971e-7,3.333211893799723,3.3332319550204583,6.725169525828014e-5,0.9999695865061402
10.0,C,P-only,SOLVED,2.3213573127600213,true,0.8440136261036915,endbus,1,1.0088275693255118,endbus,3,0.8983124174473623,true,0.05624178678034706,endbus,0.02195931390262178,6.581404293853771,6.393325936217967,1.6961310260170643,0.18807835763580366,7.3309989349526825,106.92275293722625,110.41221999644814,229.4745593539418,3.333262120841528,-3.3329697955839297,-0.000292325257598173,-2.5804011705155006e-17,-1.6724671572222218e-16,1.0577990183182311e-16,5.885814954203811e-17,0.9999786362524583
10.0,D,P+Q,SOLVED,1.9939239537108626,false,0.836035211523054,endbus,1,1.0029644067954355,endbus,2,0.8988048467439829,true,0.06316232948324997,endbus,0.018853610914514193,7.0479891578419345,6.8109286872937265,2.1394453260353505,0.2370604705482076,7.850725878966231,119.79669499950398,124.23530141109995,230.2246420025447,3.1780454529235715,-2.541206189754696,-0.6368392631688761,-3.3306690738754696e-16,1.0054023340285365,2.1570306501518566,-3.2718470081805395,0.9999863038415273
15.0,B,Q-only,SOLVED,2.1582599497999184,true,0.8129249784630622,endbus,1,1.0333310461340357,endbus,2,0.8928590575865679,true,0.08032623226402517,endbus,0.02040757964875748,8.847098339431113,8.463815525158235,3.4607706747102944,0.3832828142728778,9.854746131362978,152.1333922093198,158.19325526917177,246.20612586827326,2.4997825827571055e-7,2.4997826509807273e-7,2.4997825729855947e-7,7.499347806723427e-7,4.99982849376648,4.999877034988874,-4.999921093119518,0.9999842186239049
15.0,Bc,Q-only capacitive,SOLVED,2.51602979375088,true,0.8201491249225591,endbus,1,1.0230926748510658,endbus,2,0.8931560265904326,true,0.07301029809107973,endbus,0.023843465569096556,8.073593636384617,7.75674503580779,2.8588628328192254,0.3168486005768268,8.99314245211319,138.58963682062827,143.5207868586571,244.4598129089389,2.4998762445267536e-7,2.499876302773881e-7,2.4998762432375996e-7,7.499628790538235e-7,4.9998554935546435,4.999896068789763,7.003267470797936e-5,0.9999792137579538
15.0,C,P-only,SOLVED,2.025867051081024,true,0.8550534361556813,endbus,1,1.0096107730798647,endbus,3,0.9033857980763995,true,0.0517310422522057,endbus,0.019172786138978423,6.0579063882513795,5.898838265656731,1.4349362618556376,0.1590681225946488,6.747876790032168,98.25422618368192,101.63512673472333,219.25839895152438,4.999918951330191,-4.99945286569752,-0.0004660856326724909,-1.4592277039482404e-15,-2.5020150286056675e-15,1.5782197756593113e-15,8.897404100957344e-16,0.9999837902660381
15.0,D,P+Q,SOLVED,1.5259192027959143,false,0.8432360411992061,endbus,1,0.9999956213552497,endbus,2,0.904261952204939,true,0.06141668411859655,endbus,0.014432645972998863,6.688476560377198,6.464467052977952,2.022873574449622,0.2240095073992456,7.4502662883622355,116.26289852472081,120.98695699904889,220.14102440587206,4.768906800681894,-3.8057950576367716,-0.9631117430450978,2.4980018054066022e-14,1.502306008062959,3.2426485589949356,-4.906254229896214,0.9999879082359364
20.0,B,Q-only,SOLVED,1.9051058866171235,false,0.8103438949688426,endbus,1,1.041456633493639,endbus,2,0.8945496701228819,true,0.0852504969937454,endbus,0.01801596644364304,9.303116200481602,8.87158007369896,3.8982841712504115,0.43153612678264286,10.362702534649515,161.2256284261973,168.0911164306141,245.22671604103377,2.4997791778143054e-7,2.4997792705126563e-7,2.499779142027324e-7,7.499337590354286e-7,6.666438710837741,6.666531019496707,-6.666577738519498,0.9999866607779253
20.0,Bc,Q-only capacitive,SOLVED,2.3824269517097796,true,0.8197859567205769,endbus,1,1.0277574537000012,endbus,2,0.8949361345439679,true,0.07522817077486442,endbus,0.022598525842629016,8.191414494344109,7.85510435230135,3.0353049126356315,0.3363101420427594,9.124382616924654,142.67643643902974,147.98662168271994,242.92660048787025,2.4998996830406695e-7,2.4998997463602056e-7,2.499899667811741e-7,7.499699097212616e-7,6.666493499695414,6.6665596623633165,7.422119635416866e-5,0.9999839493544982
20.0,C,P-only,SOLVED,1.7411420855557833,false,0.8658182144877148,endbus,1,1.0106118759476994,endbus,3,0.9082643661530169,true,0.04794674622455165,endbus,0.016484082557307524,5.643406015233646,5.506815637156789,1.2326592754250676,0.13659037807685603,6.28616654439838,90.95228207112903,94.29766747343473,209.39464258053758,6.666573949846935,-6.665535449353281,-0.0010385004936537675,1.8127860323957634e-16,-8.038553080701016e-16,5.054225928555803e-16,2.8834124608825437e-16,0.9999860924770402
20.0,D,P+Q,SOLVED,1.0605989320459432,false,0.8502415635501739,endbus,1,0.9995567629545662,sourcebus,2,0.9096055676526146,true,0.05975373499872387,endbus,0.010033890324720364,6.39383634379413,6.181921161341624,1.9148722538224245,0.21191518245250712,7.122067773649825,112.88673499575701,117.90046656309649,210.2624999802169,6.361165137506807,-5.0672132560363154,-1.2939518814704762,1.4876988529977098e-14,1.9947041680832736,4.331927726315266,-6.539730341856965,0.99998674944122
30.0,B,Q-only,SOLVED,1.414173854861303,false,0.8053157099992833,endbus,1,1.057777765836452,endbus,2,0.8977715092503745,true,0.09565366717827442,endbus,0.013373571500660736,10.470184620091093,9.927307860163644,4.908145805836901,0.542876759927448,11.66269520477983,180.4373114586137,188.99963691123577,244.31128470810526,2.499801288004259e-7,2.499801293595307e-7,2.4998012850323086e-7,7.499403866631874e-7,9.999506511468208,9.999829331447426,-9.999881097829054,0.9999881097829058
30.0,Bc,Q-only capacitive,SOLVED,2.1282815373005572,true,0.8189175503030119,endbus,1,1.037069128142395,endbus,2,0.898342281696123,true,0.07992771387421359,endbus,0.020223804106042763,8.553292136156248,8.173826329272476,3.4266155729606154,0.37946580688377,9.527476620614033,151.3409383353809,157.4453104656347,240.91465220461876,2.499831874965649e-7,2.499832001766134e-7,2.4998318132769065e-7,7.49949569000869e-7,9.999720200280228,9.99988645746529,8.432120282994099e-5,0.9999886457465292
30.0,C,P-only,SOLVED,1.208810535009643,false,0.8875930080643504,endbus,1,1.0075723758412443,endbus,3,0.918038324284443,true,0.04057314732356883,endbus,0.011451072146231516,4.960428203185804,4.8627082659014045,0.8826836366191249,0.09771993728439907,5.525400393412201,76.74468823855325,79.98430358378486,190.47825349035185,9.999867462264875,-9.003930561893712,-0.9959369003711827,-1.9761969838327786e-14,-2.109558486205467e-14,1.3251267494799194e-14,7.619696512414027e-15,0.9999867462264875
30.0,D,P+Q,SOLVED,0.13684915076380338,false,0.8637271861597237,endbus,1,0.9996093715458939,sourcebus,2,0.9199818865364843,true,0.05664457398110721,endbus,0.0012950812724758334,5.990457705310662,5.800268247018394,1.7209285870184432,0.19018945829226788,6.672745981966763,106.54743812465414,112.15180684625447,191.06850268957615,9.54905197198329,-7.579946638517937,-1.9691053334653537,2.220446049250313e-16,2.966663261397505,6.5206689872558465,-9.803014262212322,0.9999274197168695
40.0,B,Q-only,SOLVED,0.9559146286389095,false,0.8003197912556658,endbus,1,1.0741181137499536,endbus,2,0.9006685524301362,true,0.10668026677327855,endbus,0.009037121859778324,11.986357892960728,11.311532377579654,6.1053084646632225,0.674825515381074,13.351554322429102,200.8108186389308,211.1531630864281,244.88529853148648,2.4997953540841004e-7,2.499795452676259e-7,2.4997953028947024e-7,7.499386109655062e-7,13.26374894482247,13.333102863375283,-13.333155522783027,0.9999866642087272
40.0,Bc,Q-only capacitive,SOLVED,1.8942865205516282,false,0.8178509672888092,endbus,1,1.0463678683627238,endbus,2,0.9015388629504859,true,0.08495233383261543,endbus,0.01803012129854056,9.083870376813596,8.655379979947723,3.8712097527948917,0.4284903968658749,10.118485521374097,160.6120419919638,167.55209705283417,240.34578448857548,2.4998425581820434e-7,2.4998425663971634e-7,2.499842552570447e-7,7.499527677149654e-7,13.332802066567101,13.333212598021754,9.677479256877024e-5,0.9999909448516316
40.0,C,P-only,SOLVED,0.6959365780250294,false,0.909085089429055,endbus,1,1.0003960166719976,endbus,3,0.9276429346133743,false,0.03407402485791809,endbus,0.0065953835335297315,4.47570213328344,4.4068568827898735,0.6225956923692532,0.06884525049356587,4.985466035403442,64.21597350754759,67.3721756891842,172.7065819138214,13.33309711059687,-10.534253067373385,-2.798844043223484,2.220446049250313e-15,-3.5920117924563143e-16,1.989176762924075e-16,1.5571850728758448e-16,0.9999822832947652
40.0,D,P+Q,SOLVED,0.028221562313231897,false,0.8762057881641295,endbus,1,0.9996014544773565,sourcebus,2,0.9257411339199163,true,0.04965530215889695,endbus,0.0002717461910266004,5.365400043400609,5.219286639450822,1.3224836483616764,0.14611340394978672,5.976496845893187,93.3199072520467,98.38376301897534,181.63921028268834,10.699135173308226,-7.653472747451029,-3.0456624258571976,0.0,4.314401630002173,6.171325244311963,-9.115539931838464,0.8652203454666836
60.0,B,Q-only,SOLVED,0.1100066771611104,false,0.7806191963119773,endbus,1,1.0985412071286427,endbus,2,0.8992427164424999,true,0.127522356306773,endbus,0.0010564562615234172,15.606918559653085,14.643152134790476,8.723824918202938,0.9637664248626088,17.384481826402766,239.64863414138904,252.72124663617515,250.02695932023778,2.499924553306709e-7,2.499924560931297e-7,2.4999245579745086e-7,7.499773672212513e-7,14.255567235915908,19.99900411498466,-19.99929572262646,0.999964786131323
60.0,Bc,Q-only capacitive,SOLVED,1.4935038495056143,false,0.8112685075711584,endbus,1,1.0618014485388922,endbus,2,0.9046904236535671,true,0.09575173311953955,endbus,0.014247947121319339,10.573363860095101,10.029315482412652,4.918192175534596,0.5440483776824492,11.77762613210259,180.68310513842337,189.13972061410925,243.0023161010532,2.4998425163716035e-7,2.4998425397838657e-7,2.4998424919469754e-7,7.499527548102446e-7,17.772588477958774,19.999854387364504,0.00012860894400340875,0.9999927193682252
60.0,C,P-only,SOLVED,0.01764560614430125,false,0.9167255603940306,endbus,2,0.9994200095726924,sourcebus,3,0.940126375144733,false,0.031151094665872875,endbus,0.00016995831535123146,4.273511400576138,4.216039258134624,0.5205209196390955,0.057472142441513795,4.76024661718311,58.43953608749026,61.82286711300374,160.86133261161245,17.968746090808498,-12.688232052676273,-5.280514038132224,8.881784197001252e-16,-9.744592543686439e-20,-2.4926194204365305e-19,3.3595896263659274e-19,0.8984373045404249
60.0,D,P+Q,SOLVED,0.019432492280838876,false,0.899399482336437,endbus,1,0.9995187715440922,sourcebus,2,0.9336486348943531,true,0.034333157286558835,endbus,0.00018724999550308557,4.345981839133246,4.27613784577953,0.6322519932667409,0.0698439933537151,4.840971137993033,64.49870490846666,68.04988835963051,167.90472175010188,12.65215519088775,-7.887016676080334,-4.765138514807417,0.0,5.287786368897208,3.99514515810521,-6.562854711629633,0.685634224017083
90.0,B,Q-only,SOLVED,0.07347788879108741,false,0.7808558768867407,endbus,1,1.0993843680938435,endbus,2,0.8985720720413719,true,0.1281830078099846,endbus,0.0007046684817660792,15.903179937930782,14.929529822867128,8.814545552152385,0.9736501150636537,17.7144861464002,240.7903261699453,254.12208292100323,249.98268589472832,2.4999254314810656e-7,2.499925443301011e-7,2.499925442744465e-7,7.499776317526542e-7,12.906923411494637,17.1751544689785,-23.024380960539798,0.7674793653513265
90.0,Bc,Q-only capacitive,SOLVED,0.9252255289868709,false,0.7943729536328753,endbus,1,1.0781062604330782,endbus,2,0.9041857049708015,true,0.1117414083380616,endbus,0.008841763817881968,13.326928367006492,12.586265800144252,6.697638731524237,0.7406625668622385,14.844810211090493,210.62282569711346,220.89016059700154,248.83253281351537,2.4998564575429947e-7,2.499856306142518e-7,2.4998562652056685e-7,7.499569028891182e-7,20.249265884104588,29.999760899006368,0.00020911871886983567,0.999992029966879
90.0,C,P-only,SOLVED,0.017612980935584985,false,0.9167211813700721,endbus,2,0.9994200004256912,sourcebus,3,0.9401289049932019,false,0.03115163528710977,endbus,0.0001696440750047412,4.273536992835252,4.216062858369494,0.5205390266766761,0.05747413446575858,4.760275124294349,58.440529508156764,61.82395923314997,160.86439911289733,17.969739917782263,-12.688779994925955,-5.280959922856307,8.881784197001252e-16,-3.0794165192100344e-15,-2.2631813933830726e-15,5.098308242642938e-15,0.5989913305927421
90.0,D,P+Q,SOLVED,0.011719456638305065,false,0.92027163342275,endbus,1,0.9994720194030903,sourcebus,2,0.9409201007221385,false,0.020772620667808453,endbus,0.00011302657972244443,3.6931558543191794,3.6675915878443086,0.23144461480892226,0.025564266474871044,4.1137909822547245,39.01030264278953,41.18500582322272,155.3205765653123,14.441857776389988,-8.21898323244537,-6.222874543944617,8.881784197001252e-16,6.700686052031981,2.8208991834389714,-3.513784030364208,0.5306876562027506
