allocation,scenario,objective,line,f_bus,t_bus,ia_a,ib_a,ic_a,in_a,iearth_a,rating_a
3/3/3,A,cost,line1,sourcebus,mid1,141.90834600437444,141.90834600437444,141.9083460043744,4.142556827973012e-14,1.6282419950993453e-14,360.0
3/3/3,A,cost,line2,mid1,mid2,102.07933716546253,102.07933716546253,102.0793371654625,2.7157741121434024e-14,2.182259828149079e-14,360.0
3/3/3,A,cost,line3,mid2,endbus,61.63244573635385,61.63244573635388,61.63244573635384,2.3993843251196845e-14,1.3813101369053034e-14,360.0
3/3/3,B,VUF,line1,sourcebus,mid1,141.04934267662273,141.04934267662318,141.04934267662267,1.193909613956086e-12,2.101238782454149e-13,360.0
3/3/3,B,VUF,line2,mid1,mid2,101.23479810263896,101.23479810263939,101.2347981026389,1.21531298688471e-12,1.8753971813459476e-13,360.0
3/3/3,B,VUF,line3,mid2,endbus,60.820587106480005,60.820587106480374,60.82058710647994,1.2673979073023668e-12,1.326708111956481e-13,360.0
3/3/3,Bc,VUF,line1,sourcebus,mid1,136.12819674262886,136.12819674262875,136.12819674262806,2.651238460389859e-12,4.317714718465167e-13,360.0
3/3/3,Bc,VUF,line2,mid1,mid2,97.03486617810728,97.03486617810721,97.03486617810671,2.694832700212016e-12,3.8763774160661626e-13,360.0
3/3/3,Bc,VUF,line3,mid2,endbus,58.38596861485192,58.38596861485195,58.38596861485193,2.8082375762420428e-12,2.860384453010357e-13,360.0
3/3/3,C,VUF,line1,sourcebus,mid1,141.90834600437503,141.90834600437503,141.90834600437506,3.118921349357192e-14,1.664026155562377e-14,360.0
3/3/3,C,VUF,line2,mid1,mid2,102.07933716546309,102.0793371654631,102.07933716546312,3.404285799001099e-14,1.1552124101304181e-14,360.0
3/3/3,C,VUF,line3,mid2,endbus,61.63244573635437,61.632445736354384,61.632445736354406,2.3814149248167824e-14,2.6729974919939303e-15,360.0
3/3/3,D,VUF,line1,sourcebus,mid1,141.39347269019848,141.39347269019848,141.39347269019845,1.4934191635465407e-13,2.51494165451658e-14,360.0
3/3/3,D,VUF,line2,mid1,mid2,101.57101167136442,101.5710116713644,101.57101167136439,1.555669701952765e-13,2.6694290916763277e-14,360.0
3/3/3,D,VUF,line3,mid2,endbus,61.13855253057216,61.138552530572156,61.13855253057214,1.6488812418770772e-13,2.2521733064804288e-14,360.0
3/3/3,B,cost,line1,sourcebus,mid1,135.1009508241906,135.10095082415776,135.1009508246452,1.629295234024847e-10,2.6923041755372573e-11,360.0
3/3/3,B,cost,line2,mid1,mid2,96.56073243265166,96.56073243264717,96.56073243311951,1.624880589885101e-10,2.372965026334211e-11,360.0
3/3/3,B,cost,line3,mid2,endbus,59.24365246267052,59.24365246273251,59.243652463158774,1.6167463445118046e-10,1.7398684298232986e-11,360.0
3/3/3,Bc,cost,line1,sourcebus,mid1,135.1009141524094,135.10091415237662,135.10091415286436,1.6312239933560508e-10,2.6948105552028542e-11,360.0
3/3/3,Bc,cost,line2,mid1,mid2,96.56072436818683,96.56072436818235,96.56072436865502,1.626728913745785e-10,2.3769003354590094e-11,360.0
3/3/3,Bc,cost,line3,mid2,endbus,59.24371221652468,59.243712216586665,59.24371221701327,1.6186969016809274e-10,1.7426708365659084e-11,360.0
3/3/3,C,cost,line1,sourcebus,mid1,141.90834600437483,141.90834600437483,141.90834600437486,1.6952476787714077e-14,1.9268581688959443e-14,360.0
3/3/3,C,cost,line2,mid1,mid2,102.07933716546293,102.07933716546292,102.07933716546297,2.525173584525082e-14,1.2194208654069582e-15,360.0
3/3/3,C,cost,line3,mid2,endbus,61.632445736354285,61.632445736354235,61.6324457363543,4.059504250283111e-14,5.6930581505198126e-15,360.0
3/3/3,D,cost,line1,sourcebus,mid1,135.1010278186014,135.10102781860135,135.1010278186012,1.4312724742176012e-13,5.076740810184451e-14,360.0
3/3/3,D,cost,line2,mid1,mid2,96.56074952228742,96.56074952228737,96.56074952228722,1.5462601397760977e-13,3.071849540480711e-14,360.0
3/3/3,D,cost,line3,mid2,endbus,59.24352753308841,59.243527533088326,59.24352753308817,1.568330289654775e-13,2.2917069627631578e-14,360.0
4/3/2,A,cost,line1,sourcebus,mid1,165.99144067281736,141.82085676354222,119.30449178601502,32.6074667576522,5.469998043248013,360.0
4/3/2,A,cost,line2,mid1,mid2,125.83974043370124,102.00045347136138,79.77886778071698,32.96127795758283,4.838119449816437,360.0
4/3/2,A,cost,line3,mid2,endbus,84.72662432248518,61.571644463886074,39.946678777619255,33.673689578509,3.5645663588292886,360.0
4/3/2,B,VUF,line1,sourcebus,mid1,169.69068477062473,134.05957294172393,129.28920839173048,66.16929511332239,11.196033460009287,360.0
4/3/2,B,VUF,line2,mid1,mid2,129.29116072547987,95.41910309970429,90.5346118092913,67.388166185928,9.914325896783696,360.0
4/3/2,B,VUF,line3,mid2,endbus,87.65338728220598,57.970283705297156,52.844747097697095,69.81144427291957,7.320853263630225,360.0
4/3/2,Bc,VUF,line1,sourcebus,mid1,163.76914486666305,133.64722819817823,118.76358230565776,61.984521470381395,10.481627838403627,360.0
4/3/2,Bc,VUF,line2,mid1,mid2,123.66422875211781,96.5753093085005,79.31682898921753,63.09216803426105,9.280937493282558,360.0
4/3/2,Bc,VUF,line3,mid2,endbus,82.63866530757633,62.77706008350614,39.64402733454263,65.2997871385173,6.852104314611691,360.0
4/3/2,C,VUF,line1,sourcebus,mid1,140.18317745544644,148.62144412450255,137.41899456785796,16.887813812652904,2.8588707865374006,360.0
4/3/2,C,VUF,line2,mid1,mid2,100.45272847345713,108.6559884704253,97.72548953485679,17.203531191213774,2.5317469193095987,360.0
4/3/2,C,VUF,line3,mid2,endbus,60.24261193712882,67.9289523366822,57.580161798051655,17.841489103408758,1.869740443322817,360.0
4/3/2,D,VUF,line1,sourcebus,mid1,149.2234848019969,141.719346806901,134.05610825513807,21.776094592255866,3.6867391362393827,360.0
4/3/2,D,VUF,line2,mid1,mid2,109.24369948541339,102.04477414135425,94.40025895548526,22.184400932113164,3.2649468972761713,360.0
4/3/2,D,VUF,line3,mid2,endbus,68.4898462584488,61.99076495239789,54.319757831166655,23.01218201857172,2.4113243135925146,360.0
4/3/2,B,cost,line1,sourcebus,mid1,155.85057279343644,137.38153065596632,114.00427464481764,12.34851017613758,2.036320561440336,360.0
4/3/2,B,cost,line2,mid1,mid2,117.82963584143128,97.90394035825574,76.36927542193176,12.300458928902733,1.7962434214635499,360.0
4/3/2,B,cost,line3,mid2,endbus,81.15866966109965,58.32190558553012,42.239130372521316,12.208115120467305,1.3165610320341863,360.0
4/3/2,Bc,cost,line1,sourcebus,mid1,155.85065163146902,137.3815556101513,114.00424409223645,12.34909649145462,2.0364169213543843,360.0
4/3/2,Bc,cost,line2,mid1,mid2,117.82960438508678,97.9039622776794,76.36923438361224,12.30104171027822,1.7963284699202495,360.0
4/3/2,Bc,cost,line3,mid2,endbus,81.15841410205955,58.321922681526594,42.239057611221554,12.208687802457655,1.3166234269585997,360.0
4/3/2,C,cost,line1,sourcebus,mid1,145.49841197723313,138.34087065044338,142.19303921679244,4.0215142696083594,0.6969954945257048,360.0
4/3/2,C,cost,line2,mid1,mid2,105.68975290692346,98.51239734975327,102.44023214903468,4.1794708059567425,0.6193576799965309,360.0
4/3/2,C,cost,line3,mid2,endbus,65.29840770964874,58.065606903147284,62.17259656499422,4.504814808792265,0.46041852112800163,360.0
4/3/2,D,cost,line1,sourcebus,mid1,135.10188979740136,135.1003597265462,135.1009296622538,0.0007719698025839731,0.00012992680281151073,360.0
4/3/2,D,cost,line2,mid1,mid2,96.56150061093838,96.56005944261553,96.56071506023551,0.0007826185938029792,0.00011502666743339713,360.0
4/3/2,D,cost,line3,mid2,endbus,59.243997623239466,59.242805517269844,59.24364182050193,0.0008055242039652592,8.490379652282773e-5,360.0
5/3/1,A,cost,line1,sourcebus,mid1,191.83258374003017,141.59317632181816,97.94465577172862,65.70726131470785,11.02187187477085,360.0
5/3/1,A,cost,line2,mid1,mid2,151.334626284382,101.79764282218332,58.70725071012823,66.41873985219021,9.748595959493253,360.0
5/3/1,A,cost,line3,mid2,endbus,109.49360605910802,61.418137861845295,19.450794933743033,67.8430626891567,7.182329218996265,360.0
5/3/1,B,VUF,line1,sourcebus,mid1,200.3836598438699,132.46334424167108,119.8603561070193,121.71316281533288,20.568231019068076,360.0
5/3/1,B,VUF,line2,mid1,mid2,159.4553733038509,95.35686090070301,83.62340370400227,123.8409967541453,18.210453105145053,360.0
5/3/1,B,VUF,line3,mid2,endbus,116.6818299748084,61.64398706613961,52.55130187980209,127.99014446334671,13.441973426441493,360.0
5/3/1,Bc,VUF,line1,sourcebus,mid1,190.86686686782096,133.78449205287575,97.49082598093563,96.22736649460235,16.22493763575806,360.0
5/3/1,Bc,VUF,line2,mid1,mid2,150.2990041210457,96.59342134698886,58.34662347173778,97.70914453870617,14.360670100479506,360.0
5/3/1,Bc,VUF,line3,mid2,endbus,108.25674981703692,62.664735642035346,19.277183681740087,100.63859987648046,10.59437173604146,360.0
5/3/1,C,VUF,line1,sourcebus,mid1,139.95668761984348,154.94661110175292,132.74390576367148,33.02371097749653,5.589837890352496,360.0
5/3/1,C,VUF,line2,mid1,mid2,100.42009859585391,114.85617145561692,93.26954186528654,33.638857707436,4.950174363872168,360.0
5/3/1,C,VUF,line3,mid2,endbus,60.70344457335397,73.8722579095752,53.658225238781,34.87851733400873,3.6556989718514044,360.0
5/3/1,D,VUF,line1,sourcebus,mid1,159.32984745577477,142.51907950464326,126.04149773396342,47.978975251025034,8.122414130000024,360.0
5/3/1,D,VUF,line2,mid1,mid2,119.18946006374287,103.32300978374357,86.68368013411758,48.876900571366924,7.193113338146684,360.0
5/3/1,D,VUF,line3,mid2,endbus,78.11395391380611,64.46186185093651,47.32741181537677,50.69380797551574,5.312412955026471,360.0
5/3/1,B,cost,line1,sourcebus,mid1,178.54288173564962,142.7298085753933,93.71251110673013,29.099378264607722,4.798862759448216,360.0
5/3/1,B,cost,line2,mid1,mid2,139.91053977687812,102.92427981938539,57.19646091782724,28.99102341919491,4.233891536525366,360.0
5/3/1,B,cost,line3,mid2,endbus,101.67224251461585,62.52511088088002,29.305515426058363,28.764116263419293,3.1043080840668655,360.0
5/3/1,Bc,cost,line1,sourcebus,mid1,178.69853257140875,141.74598891868908,93.6392641646259,31.197578352171107,5.155968512375295,360.0
5/3/1,Bc,cost,line2,mid1,mid2,140.05759713634538,101.93262263984852,57.31140400013587,31.138271976373694,4.550391329896338,360.0
5/3/1,Bc,cost,line3,mid2,endbus,101.7979818662359,61.519551689013596,29.9537264166411,31.010142993643885,3.3384114193360612,360.0
5/3/1,C,cost,line1,sourcebus,mid1,149.2694286675925,134.86274672891108,142.80775463259212,8.060144239075921,1.3968128260453594,360.0
5/3/1,C,cost,line2,mid1,mid2,109.54719100976892,95.03860574514921,103.24396022323278,8.376057168238805,1.2412020382001363,360.0
5/3/1,C,cost,line3,mid2,endbus,69.35954639310695,54.6021607942611,63.42337604136556,9.026353656168997,0.9226543709501626,360.0
5/3/1,D,cost,line1,sourcebus,mid1,143.10669347645077,129.61875380489943,135.03528662058085,4.922192676552565,0.8187196767943006,360.0
5/3/1,D,cost,line2,mid1,mid2,103.73286106320528,90.64947026521166,96.65583881507227,4.940411639727538,0.7236914544308142,360.0
5/3/1,D,cost,line3,mid2,endbus,64.35944651524636,52.42101081600628,59.694223006374976,4.986721112977534,0.5325645845149451,360.0
6/2/1,A,cost,line1,sourcebus,mid1,220.03698689652333,118.94420701624902,97.83231124686566,93.09029591078749,15.609414203206882,360.0
6/2/1,A,cost,line2,mid1,mid2,179.1479812884293,79.46783088630823,58.6185991630863,94.08791595806638,13.80546232032354,360.0
6/2/1,A,cost,line3,mid2,endbus,136.4733569213298,39.73642806035152,19.4080667713355,96.00759498470646,10.169834536165379,360.0
6/2/1,B,VUF,line1,sourcebus,mid1,217.15597404209922,111.43191878816448,121.30380949161568,145.38220351627064,24.548517200169826,360.0
6/2/1,B,VUF,line2,mid1,mid2,176.3718744810902,75.89454181277195,84.79079017658725,147.82116563628304,21.73133891082871,360.0
6/2/1,B,VUF,line3,mid2,endbus,133.83143773777167,47.14918519308738,53.290147271855346,152.56678177720997,16.03635540570705,360.0
6/2/1,Bc,VUF,line1,sourcebus,mid1,211.33179147999167,112.4795506115963,98.09675237153682,116.02256550369084,19.5440491953534,360.0
6/2/1,Bc,VUF,line2,mid1,mid2,171.37657040171166,76.86266793193758,58.828051786971315,117.72540268420447,17.295365317646795,360.0
6/2/1,Bc,VUF,line3,mid2,endbus,130.40232875932608,47.943264041242365,19.5058103217464,121.02924698069009,12.754730488544526,360.0
6/2/1,C,VUF,line1,sourcebus,mid1,164.18039984349048,147.45800764695954,117.0208721558688,45.940541121389664,7.7496808758390605,360.0
6/2/1,C,VUF,line2,mid1,mid2,124.20599329776554,107.53857290014834,77.69385824556558,46.65288573982828,6.860068235063677,360.0
6/2/1,C,VUF,line3,mid2,endbus,83.50226024465192,66.94951537786628,38.34668083422861,48.124032470069324,5.062373243434517,360.0
6/2/1,D,VUF,line1,sourcebus,mid1,171.9965123866582,134.29524959984852,126.78435001998076,72.81562936846228,12.320060430735147,360.0
6/2/1,D,VUF,line2,mid1,mid2,131.54167244097192,96.02447763598731,88.11901059720401,74.15511184190682,10.909624556222331,360.0
6/2/1,D,VUF,line3,mid2,endbus,89.78657940728351,59.478643100014814,50.69808211476757,76.81432421392472,8.055705156773183,360.0
6/2/1,B,cost,line1,sourcebus,mid1,201.90990375076547,128.27573272580443,94.63751706358727,33.28164169025838,5.456430835119761,360.0
6/2/1,B,cost,line2,mid1,mid2,162.70838672932786,89.32128615273984,61.70681951822845,32.994956795442235,4.8098205711416755,360.0
6/2/1,B,cost,line3,mid2,endbus,123.24391203815368,51.02893593008902,41.96204676371896,32.39826778835814,3.5205245444457143,360.0
6/2/1,Bc,cost,line1,sourcebus,mid1,203.82326084281934,119.57371634612073,94.1184104024287,52.00823693982859,8.63839182759588,360.0
6/2/1,Bc,cost,line2,mid1,mid2,164.50883124255242,80.0057133738316,61.28900248398645,52.13604797428954,7.6293589856657595,360.0
6/2/1,Bc,cost,line3,mid2,endbus,124.79558192780871,40.089526759285285,41.696005330796424,52.35926372631189,5.6050984858785515,360.0
6/2/1,C,cost,line1,sourcebus,mid1,163.40238062228408,124.02988681355566,140.32876075843677,18.198417666883024,3.0420715710669723,360.0
6/2/1,C,cost,line2,mid1,mid2,123.52430954118758,84.33636164807109,100.83201957972642,18.342141353240265,2.69028336498869,360.0
6/2/1,C,cost,line3,mid2,endbus,82.99047517178978,44.165652267773886,61.13558799493215,18.650347922030644,1.981602291293917,360.0
6/2/1,D,cost,line1,sourcebus,mid1,161.41155331258503,120.7416615757342,131.17615527936397,13.238683550180898,2.175961733937008,360.0
6/2/1,D,cost,line2,mid1,mid2,121.49896798793536,81.17899213790272,93.4592929272638,13.154323092634163,1.9198792181783582,360.0
6/2/1,D,cost,line3,mid2,endbus,80.88731728563882,41.402132368896886,58.11198364450369,12.993247430636332,1.407808144654907,360.0
7/1/1,A,cost,line1,sourcebus,mid1,251.07492711584786,97.60483392587692,97.63417208552649,127.41616740207301,21.359158944446488,360.0
7/1/1,A,cost,line2,mid1,mid2,209.75595926250614,58.432048352725545,58.461583847384546,128.76703487163,18.889939546370293,360.0
7/1/1,A,cost,line3,mid2,endbus,166.1438854142078,19.310948453903194,19.331752443528817,131.29832302856514,13.913853315241687,360.0
7/1/1,B,VUF,line1,sourcebus,mid1,244.31128470810526,92.68381468317095,121.92819428946173,180.4373114586137,30.44458216279768,360.0
7/1/1,B,VUF,line2,mid1,mid2,203.53765301279182,59.45005438845612,85.23218651857738,183.33574485604666,26.94760533516034,360.0
7/1/1,B,VUF,line3,mid2,endbus,160.90706487925584,39.2953429351554,53.476046023964145,188.99963691123577,19.881241377966575,360.0
7/1/1,Bc,VUF,line1,sourcebus,mid1,240.91465220461876,93.71182580695292,97.95962605661398,151.3409383353809,25.46639948999696,360.0
7/1/1,Bc,VUF,line2,mid1,mid2,200.40012510808117,60.37945610296691,58.719054049120906,153.43151758384172,22.5331216412231,360.0
7/1/1,Bc,VUF,line3,mid2,endbus,158.23447728740953,40.0802226196947,19.451373447942544,157.4453104656347,16.612663363555885,360.0
7/1/1,C,VUF,line1,sourcebus,mid1,190.47825349035185,140.68727581269772,101.71949934181491,76.74468823855325,12.920371241912614,360.0
7/1/1,C,VUF,line2,mid1,mid2,150.06116107880015,100.9891226594558,62.54993894956595,77.81078018118178,11.433967115678369,360.0
7/1/1,C,VUF,line3,mid2,endbus,108.40333450468323,60.95853745250393,23.44336766060772,79.98430358378486,8.432970310487818,360.0
7/1/1,D,VUF,line1,sourcebus,mid1,191.06850268957615,127.71185673628987,127.12085276159861,106.54743812465414,18.01224012622916,360.0
7/1/1,D,VUF,line2,mid1,mid2,150.276490835212,90.41253792663261,89.9183856524375,108.44178849390622,15.94827586519303,360.0
7/1/1,D,VUF,line3,mid2,endbus,107.7994752236286,56.40102161743317,56.17761001192498,112.15180684625447,11.773353613004614,360.0
7/1/1,B,cost,line1,sourcebus,mid1,226.97441537665378,120.43716312229616,94.69903200179606,46.898281170719216,7.747291575638484,360.0
7/1/1,B,cost,line2,mid1,mid2,187.2411017245626,84.5238450147908,61.83827103024981,46.79048704996704,6.835617247743192,360.0
7/1/1,B,cost,line3,mid2,endbus,146.72073190104783,53.73341638352959,42.19237716184571,46.56936852157592,5.012502261757777,360.0
7/1/1,Bc,cost,line1,sourcebus,mid1,232.12786064829473,98.04599059563114,93.55480197884158,86.01604615775697,14.354277745124508,360.0
7/1/1,Bc,cost,line2,mid1,mid2,192.12805129157493,58.78350097152022,60.90623378891334,86.57969257797575,12.685920880367009,360.0
7/1/1,Bc,cost,line3,mid2,endbus,151.01686565870523,19.48163385012362,41.57645826367846,87.63325101477255,9.331708435412848,360.0
7/1/1,C,cost,line1,sourcebus,mid1,189.04798890749214,107.25403382815843,134.52940766846623,49.83703673531114,8.336366147250585,360.0
7/1/1,C,cost,line2,mid1,mid2,148.77168460531553,67.80610652555976,95.12234423227379,50.26299891924094,7.371271098075019,360.0
7/1/1,C,cost,line3,mid2,endbus,107.36826051613579,28.169324288757238,55.59143194464513,51.10349975311999,5.427788106191194,360.0
7/1/1,D,cost,line1,sourcebus,mid1,183.70817559919226,113.48907776278143,125.14865873210175,22.50510461294757,3.680343735015242,360.0
7/1/1,D,cost,line2,mid1,mid2,143.51203397228517,74.060040031097,88.5620369820832,22.26639839951328,3.2444006290210203,360.0
7/1/1,D,cost,line3,mid2,endbus,102.30941415959215,34.64193631293271,56.038580536291406,21.78052857702024,2.3750003252452383,360.0
