allocation,scenario,objective,bus_id,bus_name,phase,vm_ground_pu,vm_neutral_pu,nev_pu,nev_v
3/3/3,A,cost,4,endbus,1,0.948473065721124,0.948473065721124,1.5739439278794863e-17,3.6348678018023936e-15
3/3/3,A,cost,4,endbus,2,0.9484730657211239,0.9484730657211239,1.5739439278794863e-17,3.6348678018023936e-15
3/3/3,A,cost,4,endbus,3,0.948473065721124,0.948473065721124,1.5739439278794863e-17,3.6348678018023936e-15
3/3/3,A,cost,2,sourcebus,1,0.9992403825176746,0.9992403825176746,0.0,0.0
3/3/3,A,cost,2,sourcebus,2,0.9992403825176744,0.9992403825176744,0.0,0.0
3/3/3,A,cost,2,sourcebus,3,0.9992403825176746,0.9992403825176746,0.0,0.0
3/3/3,A,cost,3,mid1,1,0.9784608577625057,0.9784608577625057,6.248229384889392e-18,1.4429667669297682e-15
3/3/3,A,cost,3,mid1,2,0.9784608577625057,0.9784608577625057,6.248229384889392e-18,1.4429667669297682e-15
3/3/3,A,cost,3,mid1,3,0.9784608577625059,0.9784608577625059,6.248229384889392e-18,1.4429667669297682e-15
3/3/3,A,cost,1,mid2,1,0.96351378366458,0.96351378366458,1.0543317271084014e-17,2.434874825844795e-15
3/3/3,A,cost,1,mid2,2,0.96351378366458,0.96351378366458,1.0543317271084014e-17,2.434874825844795e-15
3/3/3,A,cost,1,mid2,3,0.9635137836645801,0.9635137836645801,1.0543317271084014e-17,2.434874825844795e-15
3/3/3,B,VUF,4,endbus,1,0.94902409906173,0.9490240990617307,6.381639946318812e-16,1.4737766163513742e-13
3/3/3,B,VUF,4,endbus,2,0.9490240990617299,0.9490240990617297,6.381639946318812e-16,1.4737766163513742e-13
3/3/3,B,VUF,4,endbus,3,0.9490240990617298,0.9490240990617296,6.381639946318812e-16,1.4737766163513742e-13
3/3/3,B,VUF,2,sourcebus,1,0.9992653218825251,0.9992653218825251,0.0,0.0
3/3/3,B,VUF,2,sourcebus,2,0.999265321882525,0.999265321882525,0.0,0.0
3/3/3,B,VUF,2,sourcebus,3,0.9992653218825251,0.9992653218825251,0.0,0.0
3/3/3,B,VUF,3,mid1,1,0.9786300795224471,0.9786300795224473,1.6976394644789412e-16,3.9205304072153955e-14
3/3/3,B,VUF,3,mid1,2,0.978630079522447,0.9786300795224468,1.6976394644789412e-16,3.9205304072153955e-14
3/3/3,B,VUF,3,mid1,3,0.9786300795224472,0.9786300795224472,1.6976394644789412e-16,3.9205304072153955e-14
3/3/3,B,VUF,1,mid2,1,0.963826968090207,0.9638269680902073,3.3928486610937615e-16,7.835448351208578e-14
3/3/3,B,VUF,1,mid2,2,0.9638269680902066,0.9638269680902065,3.3928486610937615e-16,7.835448351208578e-14
3/3/3,B,VUF,1,mid2,3,0.9638269680902071,0.9638269680902068,3.3928486610937615e-16,7.835448351208578e-14
3/3/3,Bc,VUF,4,endbus,1,0.9531773030525694,0.9531773030525701,1.41540327994716e-15,3.2687338587574886e-13
3/3/3,Bc,VUF,4,endbus,2,0.9531773030525705,0.9531773030525692,1.41540327994716e-15,3.2687338587574886e-13
3/3/3,Bc,VUF,4,endbus,3,0.9531773030525705,0.9531773030525713,1.41540327994716e-15,3.2687338587574886e-13
3/3/3,Bc,VUF,2,sourcebus,1,0.999455596997733,0.999455596997733,0.0,0.0
3/3/3,Bc,VUF,2,sourcebus,2,0.999455596997733,0.999455596997733,0.0,0.0
3/3/3,Bc,VUF,2,sourcebus,3,0.9994555969977331,0.9994555969977331,0.0,0.0
3/3/3,Bc,VUF,3,mid1,1,0.9798955061680479,0.9798955061680481,3.7093501944245286e-16,8.56637733307837e-14
3/3/3,Bc,VUF,3,mid1,2,0.9798955061680479,0.9798955061680475,3.7093501944245286e-16,8.56637733307837e-14
3/3/3,Bc,VUF,3,mid1,3,0.9798955061680483,0.9798955061680484,3.7093501944245286e-16,8.56637733307837e-14
3/3/3,Bc,VUF,1,mid2,1,0.9661737251907893,0.9661737251907897,7.51072604497975e-16,1.7345278815514368e-13
3/3/3,Bc,VUF,1,mid2,2,0.9661737251907893,0.9661737251907885,7.51072604497975e-16,1.7345278815514368e-13
3/3/3,Bc,VUF,1,mid2,3,0.9661737251907899,0.9661737251907903,7.51072604497975e-16,1.7345278815514368e-13
3/3/3,C,VUF,4,endbus,1,0.948473065721123,0.948473065721123,1.4621639913837042e-17,3.376723096099037e-15
3/3/3,C,VUF,4,endbus,2,0.948473065721123,0.948473065721123,1.4621639913837042e-17,3.376723096099037e-15
3/3/3,C,VUF,4,endbus,3,0.948473065721123,0.948473065721123,1.4621639913837042e-17,3.376723096099037e-15
3/3/3,C,VUF,2,sourcebus,1,0.9992403825176743,0.9992403825176743,0.0,0.0
3/3/3,C,VUF,2,sourcebus,2,0.9992403825176742,0.9992403825176742,0.0,0.0
3/3/3,C,VUF,2,sourcebus,3,0.9992403825176743,0.9992403825176743,0.0,0.0
3/3/3,C,VUF,3,mid1,1,0.9784608577625052,0.9784608577625052,3.308636248514092e-18,7.640968114920659e-16
3/3/3,C,VUF,3,mid1,2,0.9784608577625051,0.9784608577625051,3.308636248514092e-18,7.640968114920659e-16
3/3/3,C,VUF,3,mid1,3,0.9784608577625054,0.9784608577625054,3.308636248514092e-18,7.640968114920659e-16
3/3/3,C,VUF,1,mid2,1,0.9635137836645793,0.9635137836645793,8.442950676963605e-18,1.9498159384398683e-15
3/3/3,C,VUF,1,mid2,2,0.9635137836645793,0.9635137836645793,8.442950676963605e-18,1.9498159384398683e-15
3/3/3,C,VUF,1,mid2,3,0.9635137836645793,0.9635137836645793,8.442950676963605e-18,1.9498159384398683e-15
3/3/3,D,VUF,4,endbus,1,0.9487998796863438,0.9487998796863439,7.93661123417573e-17,1.8328818530019064e-14
3/3/3,D,VUF,4,endbus,2,0.9487998796863438,0.9487998796863438,7.93661123417573e-17,1.8328818530019064e-14
3/3/3,D,VUF,4,endbus,3,0.9487998796863439,0.9487998796863439,7.93661123417573e-17,1.8328818530019064e-14
3/3/3,D,VUF,2,sourcebus,1,0.9992551654431273,0.9992551654431273,0.0,0.0
3/3/3,D,VUF,2,sourcebus,2,0.9992551654431272,0.9992551654431272,0.0,0.0
3/3/3,D,VUF,2,sourcebus,3,0.9992551654431274,0.9992551654431274,0.0,0.0
3/3/3,D,VUF,3,mid1,1,0.9785612583548242,0.9785612583548242,1.9960557600473836e-17,4.609693321523441e-15
3/3/3,D,VUF,3,mid1,2,0.9785612583548241,0.9785612583548241,1.9960557600473836e-17,4.609693321523441e-15
3/3/3,D,VUF,3,mid1,3,0.9785612583548242,0.9785612583548242,1.9960557600473836e-17,4.609693321523441e-15
3/3/3,D,VUF,1,mid2,1,0.9636995811419038,0.9636995811419038,3.9687881475949124e-17,9.165523621482077e-15
3/3/3,D,VUF,1,mid2,2,0.9636995811419037,0.9636995811419037,3.9687881475949124e-17,9.165523621482077e-15
3/3/3,D,VUF,1,mid2,3,0.9636995811419038,0.9636995811419038,3.9687881475949124e-17,9.165523621482077e-15
3/3/3,B,cost,4,endbus,1,0.9546601740677553,0.9546601740678138,8.374123482745114e-14,1.9339209787960235e-11
3/3/3,B,cost,4,endbus,2,0.9546601740678012,0.954660174067824,8.374123482745114e-14,1.9339209787960235e-11
3/3/3,B,cost,4,endbus,3,0.9546601740675439,0.9546601740674627,8.374123482745114e-14,1.9339209787960235e-11
3/3/3,B,cost,2,sourcebus,1,0.9995245513655501,0.9995245513655501,0.0,0.0
3/3/3,B,cost,2,sourcebus,2,0.9995245513655533,0.9995245513655533,0.0,0.0
3/3/3,B,cost,2,sourcebus,3,0.9995245513655505,0.9995245513655505,0.0,0.0
3/3/3,B,cost,3,mid1,1,0.9803428262722845,0.9803428262722991,2.289421067253317e-14,5.287191477868412e-12
3/3/3,B,cost,3,mid1,2,0.9803428262722975,0.9803428262723055,2.289421067253317e-14,5.287191477868412e-12
3/3/3,B,cost,3,mid1,3,0.9803428262722249,0.9803428262722023,2.289421067253317e-14,5.287191477868412e-12
3/3/3,B,cost,1,mid2,1,0.9670054703185533,0.9670054703185833,4.5743611660701656e-14,1.0564034602404723e-11
3/3/3,B,cost,1,mid2,2,0.9670054703185773,0.9670054703185922,4.5743611660701656e-14,1.0564034602404723e-11
3/3/3,B,cost,1,mid2,3,0.967005470318435,0.9670054703183901,4.5743611660701656e-14,1.0564034602404723e-11
3/3/3,Bc,cost,4,endbus,1,0.9546602406572395,0.9546602406572979,8.383308230070028e-14,1.9360421053322145e-11
3/3/3,Bc,cost,4,endbus,2,0.9546602406572855,0.9546602406573084,8.383308230070028e-14,1.9360421053322145e-11
3/3/3,Bc,cost,4,endbus,3,0.954660240657028,0.9546602406569468,8.383308230070028e-14,1.9360421053322145e-11
3/3/3,Bc,cost,2,sourcebus,1,0.9995245544794824,0.9995245544794824,0.0,0.0
3/3/3,Bc,cost,2,sourcebus,2,0.9995245544794855,0.9995245544794855,0.0,0.0
3/3/3,Bc,cost,2,sourcebus,3,0.9995245544794829,0.9995245544794829,0.0,0.0
3/3/3,Bc,cost,3,mid1,1,0.9803428463067433,0.9803428463067578,2.2916748822073202e-14,5.292396440550001e-12
3/3/3,Bc,cost,3,mid1,2,0.9803428463067563,0.9803428463067643,2.2916748822073202e-14,5.292396440550001e-12
3/3/3,Bc,cost,3,mid1,3,0.9803428463066836,0.9803428463066609,2.2916748822073202e-14,5.292396440550001e-12
3/3/3,Bc,cost,1,mid2,1,0.9670055075940621,0.9670055075940921,4.579125584504389e-14,1.0575037555466847e-11
3/3/3,Bc,cost,1,mid2,2,0.9670055075940861,0.9670055075941011,4.579125584504389e-14,1.0575037555466847e-11
3/3/3,Bc,cost,1,mid2,3,0.9670055075939438,0.9670055075938988,4.579125584504389e-14,1.0575037555466847e-11
3/3/3,C,cost,4,endbus,1,0.9484730657211238,0.9484730657211238,1.6154376963727068e-17,3.730693555439405e-15
3/3/3,C,cost,4,endbus,2,0.9484730657211238,0.9484730657211238,1.6154376963727068e-17,3.730693555439405e-15
3/3/3,C,cost,4,endbus,3,0.9484730657211238,0.9484730657211238,1.6154376963727068e-17,3.730693555439405e-15
3/3/3,C,cost,2,sourcebus,1,0.9992403825176746,0.9992403825176746,0.0,0.0
3/3/3,C,cost,2,sourcebus,2,0.9992403825176744,0.9992403825176744,0.0,0.0
3/3/3,C,cost,2,sourcebus,3,0.9992403825176746,0.9992403825176746,0.0,0.0
3/3/3,C,cost,3,mid1,1,0.9784608577625057,0.9784608577625057,1.6692114866736525e-18,3.854878804661795e-16
3/3/3,C,cost,3,mid1,2,0.9784608577625057,0.9784608577625057,1.6692114866736525e-18,3.854878804661795e-16
3/3/3,C,cost,3,mid1,3,0.9784608577625057,0.9784608577625057,1.6692114866736525e-18,3.854878804661795e-16
3/3/3,C,cost,1,mid2,1,0.9635137836645798,0.9635137836645798,7.61745368024177e-18,1.7591755731308366e-15
3/3/3,C,cost,1,mid2,2,0.9635137836645798,0.9635137836645798,7.61745368024177e-18,1.7591755731308366e-15
3/3/3,C,cost,1,mid2,3,0.96351378366458,0.96351378366458,7.61745368024177e-18,1.7591755731308366e-15
3/3/3,D,cost,4,endbus,1,0.9546600345278216,0.9546600345278214,7.789278123157117e-17,1.79885672847905e-14
3/3/3,D,cost,4,endbus,2,0.9546600345278216,0.9546600345278216,7.789278123157117e-17,1.79885672847905e-14
3/3/3,D,cost,4,endbus,3,0.9546600345278217,0.9546600345278217,7.789278123157117e-17,1.79885672847905e-14
3/3/3,D,cost,2,sourcebus,1,0.9995245448443085,0.9995245448443085,0.0,0.0
3/3/3,D,cost,2,sourcebus,2,0.9995245448443084,0.9995245448443084,0.0,0.0
3/3/3,D,cost,2,sourcebus,3,0.9995245448443084,0.9995245448443084,0.0,0.0
3/3/3,D,cost,3,mid1,1,0.9803427842910718,0.9803427842910718,2.0612728020766504e-17,4.760305628608834e-15
3/3/3,D,cost,3,mid1,2,0.9803427842910718,0.9803427842910718,2.0612728020766504e-17,4.760305628608834e-15
3/3/3,D,cost,3,mid1,3,0.9803427842910719,0.9803427842910719,2.0612728020766504e-17,4.760305628608834e-15
3/3/3,D,cost,1,mid2,1,0.967005392206635,0.967005392206635,4.2704774513941276e-17,9.862245224522508e-15
3/3/3,D,cost,1,mid2,2,0.9670053922066348,0.967005392206635,4.2704774513941276e-17,9.862245224522508e-15
3/3/3,D,cost,1,mid2,3,0.9670053922066351,0.9670053922066351,4.2704774513941276e-17,9.862245224522508e-15
4/3/2,A,cost,4,endbus,1,0.9339641039658869,0.919926728627093,0.01715002789011926,3.960629287587978
4/3/2,A,cost,4,endbus,2,0.9507301873829038,0.9494096716831605,0.01715002789011926,3.960629287587978
4/3/2,A,cost,4,endbus,3,0.959997121774149,0.9755790559523162,0.01715002789011926,3.960629287587978
4/3/2,A,cost,2,sourcebus,1,0.9991141404490707,0.9991141404490707,0.0,0.0
4/3/2,A,cost,2,sourcebus,2,0.999221859156884,0.999221859156884,0.0,0.0
4/3/2,A,cost,2,sourcebus,3,0.9993773807068004,0.9993773807068004,0.0,0.0
4/3/2,A,cost,3,mid1,1,0.9742167925598193,0.9705931175169105,0.004562534006873874,1.0536720948221812
4/3/2,A,cost,3,mid1,2,0.9792062860950677,0.9786294401991923,0.004562534006873874,1.0536720948221812
4/3/2,A,cost,3,mid1,3,0.9817507522417896,0.9859661589028764,0.004562534006873874,1.0536720948221812
4/3/2,A,cost,1,mid2,1,0.9552712334296615,0.9478975455935514,0.009193872489399547,2.12323390265997
4/3/2,A,cost,1,mid2,2,0.9649363312187675,0.9639201745630515,0.009193872489399547,2.12323390265997
4/3/2,A,cost,1,mid2,3,0.9699270183573259,0.978379167237316,0.009193872489399547,2.12323390265997
4/3/2,B,VUF,4,endbus,1,0.9318154505795427,0.8973344200937143,0.03522247168712215,8.13428140403358
4/3/2,B,VUF,4,endbus,2,0.9592950889270299,0.9712840613196447,0.03522247168712215,8.13428140403358
4/3/2,B,VUF,4,endbus,3,0.9525284498900439,0.9767791882574958,0.03522247168712215,8.13428140403358
4/3/2,B,VUF,2,sourcebus,1,0.9990596921171547,0.9990596921171547,0.0,0.0
4/3/2,B,VUF,2,sourcebus,2,0.9994850557418772,0.9994850557418772,0.0,0.0
4/3/2,B,VUF,2,sourcebus,3,0.9991674836034554,0.9991674836034554,0.0,0.0
4/3/2,B,VUF,3,mid1,1,0.9735047377532693,0.9645370377286471,0.009254942817389311,2.137337490781725
4/3/2,B,VUF,3,mid1,2,0.9819338889276404,0.9845018676801878,0.009254942817389311,2.137337490781725
4/3/2,B,VUF,3,mid1,3,0.9794046203621162,0.9859255979916158,0.009254942817389311,2.137337490781725
4/3/2,B,VUF,1,mid2,1,0.95395462820354,0.9357494609501126,0.01872276438951367,4.323837224103864
4/3/2,B,VUF,1,mid2,2,0.9700099748077431,0.9755993435698813,0.01872276438951367,4.323837224103864
4/3/2,B,VUF,1,mid2,3,0.9655421858651521,0.978655096527728,0.01872276438951367,4.323837224103864
4/3/2,Bc,VUF,4,endbus,1,0.9356932286923182,0.9040971044820278,0.03296720225463712,7.613449238457432
4/3/2,Bc,VUF,4,endbus,2,0.9617995886137102,0.9703966050597276,0.03296720225463712,7.613449238457432
4/3/2,Bc,VUF,4,endbus,3,0.9584901897478535,0.9829719689413959,0.03296720225463712,7.613449238457432
4/3/2,Bc,VUF,2,sourcebus,1,0.9992376238975106,0.9992376238975106,0.0,0.0
4/3/2,Bc,VUF,2,sourcebus,2,0.9996319795569575,0.9996319795569575,0.0,0.0
4/3/2,Bc,VUF,2,sourcebus,3,0.9993981907645311,0.9993981907645311,0.0,0.0
4/3/2,Bc,VUF,3,mid1,1,0.9746789828721697,0.9665036486549221,0.008669929151213576,2.002234371723257
4/3/2,Bc,VUF,3,mid1,2,0.9826697388213361,0.9843220171620245,0.008669929151213576,2.002234371723257
4/3/2,Bc,VUF,3,mid1,3,0.9812661064698328,0.9878913527032974,0.008669929151213576,2.002234371723257
4/3/2,Bc,VUF,1,mid2,1,0.9561366035466947,0.9395102453876254,0.01753418846836403,4.049347372892642
4/3/2,Bc,VUF,1,mid2,2,0.9713723885273808,0.9751298846331223,0.01753418846836403,4.049347372892642
4/3/2,Bc,VUF,1,mid2,3,0.9689905218323452,0.982278472638916,0.01753418846836403,4.049347372892642
4/3/2,C,VUF,4,endbus,1,0.948248749597535,0.951856768429272,0.008995792902226329,2.0774893814697983
4/3/2,C,VUF,4,endbus,2,0.9448747994754338,0.9359465893375112,0.008995792902226329,2.0774893814697983
4/3/2,C,VUF,4,endbus,3,0.9521574558739628,0.9575949893538932,0.008995792902226329,2.0774893814697983
4/3/2,C,VUF,2,sourcebus,1,0.9992028911547107,0.9992028911547107,0.0,0.0
4/3/2,C,VUF,2,sourcebus,2,0.9992118351568192,0.9992118351568192,0.0,0.0
4/3/2,C,VUF,2,sourcebus,3,0.999304837094258,0.999304837094258,0.0,0.0
4/3/2,C,VUF,3,mid1,1,0.9783203453782546,0.9793494465220698,0.002362121422576785,0.5455085756733156
4/3/2,C,VUF,3,mid1,2,0.9774122963311128,0.9750569882619776,0.002362121422576785,0.5455085756733156
4/3/2,C,VUF,3,mid1,3,0.979607954597298,0.9809421080913476,0.002362121422576785,0.5455085756733156
4/3/2,C,VUF,1,mid2,1,0.9633014639590878,0.9653332613906308,0.0047791891619456146,1.103706459662977
4/3/2,C,VUF,1,mid2,2,0.9614740290627269,0.9567145269721973,0.0047791891619456146,1.103706459662977
4/3/2,C,VUF,1,mid2,3,0.9656858053984251,0.9684462954927475,0.0047791891619456146,1.103706459662977
4/3/2,D,VUF,4,endbus,1,0.9433691837386469,0.9339519506583867,0.01160148951296778,2.6792492373250276
4/3/2,D,VUF,4,endbus,2,0.9506003438520101,0.9496261533797078,0.01160148951296778,2.6792492373250276
4/3/2,D,VUF,4,endbus,3,0.9522035657246561,0.9627909469914695,0.01160148951296778,2.6792492373250276
4/3/2,D,VUF,2,sourcebus,1,0.9991765148917258,0.9991765148917258,0.0,0.0
4/3/2,D,VUF,2,sourcebus,2,0.9993207378059781,0.9993207378059781,0.0,0.0
4/3/2,D,VUF,2,sourcebus,3,0.9992657560696762,0.9992657560696762,0.0,0.0
4/3/2,D,VUF,3,mid1,1,0.9769057388331969,0.9745088913309575,0.0030456774614144506,0.7033690808849636
4/3/2,D,VUF,3,mid1,2,0.9791903210368545,0.9787736858449482,0.0030456774614144506,0.7033690808849636
4/3/2,D,VUF,3,mid1,3,0.9795189307133272,0.9823456399628266,0.0030456774614144506,0.7033690808849636
4/3/2,D,VUF,1,mid2,1,0.9605383617919551,0.9556399300791342,0.006162465748597673,1.4231605035298864
4/3/2,D,VUF,1,mid2,2,0.9648386001632463,0.9641009397224694,0.006162465748597673,1.4231605035298864
4/3/2,D,VUF,1,mid2,3,0.9655905414919042,0.9712812709209778,0.006162465748597673,1.4231605035298864
4/3/2,B,cost,4,endbus,1,0.9450825677249062,0.939019117098577,0.006334307218746141,1.4628455911491498
4/3/2,B,cost,4,endbus,2,0.9525965679324372,0.9539630715747551,0.006334307218746141,1.4628455911491498
4/3/2,B,cost,4,endbus,3,0.9659662419413795,0.9706348036162481,0.006334307218746141,1.4628455911491498
4/3/2,B,cost,2,sourcebus,1,0.9995347109429302,0.9995347109429302,0.0,0.0
4/3/2,B,cost,2,sourcebus,2,0.9993817100628318,0.9993817100628318,0.0,0.0
4/3/2,B,cost,2,sourcebus,3,0.9996538443632363,0.9996538443632363,0.0,0.0
4/3/2,B,cost,3,mid1,1,0.9776259611297945,0.9760147884170034,0.0017349437014045042,0.4006680852138945
4/3/2,B,cost,3,mid1,2,0.9797506032014234,0.9799929472748691,0.0017349437014045042,0.4006680852138945
4/3/2,B,cost,3,mid1,3,0.9835428215474699,0.9849092050020669,0.0017349437014045042,0.4006680852138945
4/3/2,B,cost,1,mid2,1,0.961635653380195,0.9583838743925908,0.003464640669811508,0.8001244893444
4/3/2,B,cost,1,mid2,2,0.965915473769289,0.9664826517836288,0.003464640669811508,0.8001244893444
4/3/2,B,cost,1,mid2,3,0.9732614518564617,0.9759366493850427,0.003464640669811508,0.8001244893444
4/3/2,Bc,cost,4,endbus,1,0.9450822528437982,0.9390186374526112,0.006334607416466258,1.4629149188429578
4/3/2,Bc,cost,4,endbus,2,0.9525965977717035,0.9539627593546529,0.006334607416466258,1.4629149188429578
4/3/2,Bc,cost,4,endbus,3,0.9659662614351878,0.9706353274224034,0.006334607416466258,1.4629149188429578
4/3/2,Bc,cost,2,sourcebus,1,0.9995347000324989,0.9995347000324989,0.0,0.0
4/3/2,Bc,cost,2,sourcebus,2,0.9993817096243939,0.9993817096243939,0.0,0.0
4/3/2,Bc,cost,2,sourcebus,3,0.9996538435340356,0.9996538435340356,0.0,0.0
4/3/2,Bc,cost,3,mid1,1,0.9776258646081981,0.9760146558570073,0.001735025116190678,0.4006868871533799
4/3/2,Bc,cost,3,mid1,2,0.9797506124747608,0.9799928628032747,0.001735025116190678,0.4006868871533799
4/3/2,Bc,cost,3,mid1,3,0.9835428300617536,0.9849093431497603,0.001735025116190678,0.4006868871533799
4/3/2,Bc,cost,1,mid2,1,0.9616354724676464,0.9583836157936577,0.0034648038896632973,0.8001621833545469
4/3/2,Bc,cost,1,mid2,2,0.9659154919157277,0.966482482862566,0.0034648038896632973,0.8001621833545469
4/3/2,Bc,cost,1,mid2,3,0.9732614673087684,0.9759369289810079,0.0034648038896632973,0.8001621833545469
4/3/2,C,cost,4,endbus,1,0.9461785566435281,0.9470585627621073,0.002215189642609456,0.5115761345866562
4/3/2,C,cost,4,endbus,2,0.9503406635693245,0.948141111879662,0.002215189642609456,0.5115761345866562
4/3/2,C,cost,4,endbus,3,0.9488727197690845,0.9502085520552832,0.002215189642609456,0.5115761345866562
4/3/2,C,cost,2,sourcebus,1,0.9991788996402631,0.9991788996402631,0.0,0.0
4/3/2,C,cost,2,sourcebus,2,0.9992485172196184,0.9992485172196184,0.0,0.0
4/3/2,C,cost,2,sourcebus,3,0.9992933282763153,0.9992933282763153,0.0,0.0
4/3/2,C,cost,3,mid1,1,0.9777718176014301,0.9780065241546932,0.0005604105218846185,0.12942126626671327
4/3/2,C,cost,3,mid1,2,0.9789734073808135,0.9784153889777333,0.0005604105218846185,0.12942126626671327
4/3/2,C,cost,3,mid1,3,0.9786274564168977,0.9789518457927114,0.0005604105218846185,0.12942126626671327
4/3/2,C,cost,1,mid2,1,0.9622081707514573,0.9626809606348108,0.0011471755599839909,0.26492884734580674
4/3/2,C,cost,1,mid2,2,0.9645323370749127,0.9633909864104523,0.0011471755599839909,0.26492884734580674
4/3/2,C,cost,1,mid2,3,0.9637830351913415,0.9644560731073004,0.0011471755599839909,0.26492884734580674
4/3/2,D,cost,4,endbus,1,0.9546593703012061,0.9546591591692252,4.08493581453948e-7,9.433755168586849e-5
4/3/2,D,cost,4,endbus,2,0.9546603770890437,0.9546601798059152,4.08493581453948e-7,9.433755168586849e-5
4/3/2,D,cost,4,endbus,3,0.954660191594835,0.9546606000101526,4.08493581453948e-7,9.433755168586849e-5
4/3/2,D,cost,2,sourcebus,1,0.9995245312837893,0.9995245312837893,0.0,0.0
4/3/2,D,cost,2,sourcebus,2,0.9995245441019832,0.9995245441019832,0.0,0.0
4/3/2,D,cost,2,sourcebus,3,0.9995245515971036,0.9995245515971036,0.0,0.0
4/3/2,D,cost,3,mid1,1,0.9803425890959508,0.9803425352754642,1.0753372038857519e-7,2.4833848965322336e-5
4/3/2,D,cost,3,mid1,2,0.9803428809735799,0.9803428272603784,1.0753372038857519e-7,2.4833848965322336e-5
4/3/2,D,cost,3,mid1,3,0.9803428333567799,0.9803429408904822,1.0753372038857519e-7,2.4833848965322336e-5
4/3/2,D,cost,1,mid2,1,0.967005017691414,0.9670049076110797,2.1739461564637786e-7,5.02051359455246e-5
4/3/2,D,cost,1,mid2,2,0.9670055839103064,0.967005476601976,2.1739461564637786e-7,5.02051359455246e-5
4/3/2,D,cost,1,mid2,3,0.9670054829074031,0.9670057002961271,2.1739461564637786e-7,5.02051359455246e-5
5/3/1,A,cost,4,endbus,1,0.9186177178801541,0.8898040847531876,0.03455599756663216,7.980365798884453
5/3/1,A,cost,4,endbus,2,0.9531354543557632,0.9517825969739364,0.03455599756663216,7.980365798884453
5/3/1,A,cost,4,endbus,3,0.9707156952141193,1.0017879295692305,0.03455599756663216,7.980365798884453
5/3/1,A,cost,2,sourcebus,1,0.9989804307316289,0.9989804307316289,0.0,0.0
5/3/1,A,cost,2,sourcebus,2,0.9992045620363219,0.9992045620363219,0.0,0.0
5/3/1,A,cost,2,sourcebus,3,0.9995046385572668,0.9995046385572668,0.0,0.0
5/3/1,A,cost,3,mid1,1,0.9697345553498464,0.96227384177464,0.00919374917830027,2.1232054251814247
5/3/1,A,cost,3,mid1,2,0.9800017934559618,0.9791270830106126,0.00919374917830027,2.1232054251814247
5/3/1,A,cost,3,mid1,3,0.984799450658267,0.9931953149948496,0.00919374917830027,2.1232054251814247
5/3/1,A,cost,1,mid2,1,0.9465625757940984,0.9313952377438847,0.01852598151554253,4.278392166000205
5/3/1,A,cost,1,mid2,2,0.9664525854793066,0.965030050303333,0.01852598151554253,4.278392166000205
5/3/1,A,cost,1,mid2,3,0.975876548052855,0.9927189250434691,0.01852598151554253,4.278392166000205
5/3/1,B,VUF,4,endbus,1,0.9137428725544874,0.8506961270732633,0.06467272480163143,14.935526029379398
5/3/1,B,VUF,4,endbus,2,0.9660987926428835,0.9882591005225445,0.06467272480163143,14.935526029379398
5/3/1,B,VUF,4,endbus,3,0.9571092714419566,1.0035563955768045,0.06467272480163143,14.935526029379398
5/3/1,B,VUF,2,sourcebus,1,0.9988583679011344,0.9988583679011344,0.0,0.0
5/3/1,B,VUF,2,sourcebus,2,0.9996086086685616,0.9996086086685616,0.0,0.0
5/3/1,B,VUF,2,sourcebus,3,0.9991177991069101,0.9991177991069101,0.0,0.0
5/3/1,B,VUF,3,mid1,1,0.968166132541199,0.9517490611458572,0.017025009713843218,3.931757576497351
5/3/1,B,VUF,3,mid1,2,0.984154393815331,0.9886687576047871,0.017025009713843218,3.931757576497351
5/3/1,B,VUF,3,mid1,3,0.980504766762594,0.9927974976507171,0.017025009713843218,3.931757576497351
5/3/1,B,VUF,1,mid2,1,0.9436392062777729,0.9103201743900957,0.03442449912034746,7.949997533540257
5/3/1,B,VUF,1,mid2,2,0.974163994265741,0.984206915862416,0.03442449912034746,7.949997533540257
5/3/1,B,VUF,1,mid2,3,0.9678691043812991,0.9927347179711873,0.03442449912034746,7.949997533540257
5/3/1,Bc,VUF,4,endbus,1,0.9193188257566478,0.8724238680909897,0.05097219478082079,11.771524151157168
5/3/1,Bc,VUF,4,endbus,2,0.9638631142740923,0.9721748823121402,0.05097219478082079,11.771524151157168
5/3/1,Bc,VUF,4,endbus,3,0.9692276699333954,1.0107944900358348,0.05097219478082079,11.771524151157168
5/3/1,Bc,VUF,2,sourcebus,1,0.9990764573696842,0.9990764573696842,0.0,0.0
5/3/1,Bc,VUF,2,sourcebus,2,0.9996099637162612,0.9996099637162612,0.0,0.0
5/3/1,Bc,VUF,2,sourcebus,3,0.9995225381690683,0.9995225381690683,0.0,0.0
5/3/1,Bc,VUF,3,mid1,1,0.9698764235339025,0.9577513565234377,0.01346134504924545,3.108764475134519
5/3/1,Bc,VUF,3,mid1,2,0.98337326459986,0.9845165535925559,0.01346134504924545,3.108764475134519
5/3/1,Bc,VUF,3,mid1,3,0.9843260639805529,0.9955140021495082,0.01346134504924545,3.108764475134519
5/3/1,Bc,VUF,1,mid2,1,0.9468271420493313,0.9221607412833689,0.027189399595350428,6.27912287019195
5/3/1,Bc,VUF,1,mid2,2,0.9727070815812511,0.9757403485369336,0.027189399595350428,6.27912287019195
5/3/1,Bc,VUF,1,mid2,3,0.9749607379042647,0.997439666042669,0.027189399595350428,6.27912287019195
5/3/1,C,VUF,4,endbus,1,0.9473764348886967,0.9540142527450761,0.017588489878955425,4.061887746501569
5/3/1,C,VUF,4,endbus,2,0.9415720336475615,0.9242078302449601,0.017588489878955425,4.061887746501569
5/3/1,C,VUF,4,endbus,3,0.9559406831536573,0.9671144214514223,0.017588489878955425,4.061887746501569
5/3/1,C,VUF,2,sourcebus,1,0.9991606730030653,0.9991606730030653,0.0,0.0
5/3/1,C,VUF,2,sourcebus,2,0.999183746320772,0.999183746320772,0.0,0.0
5/3/1,C,VUF,2,sourcebus,3,0.999370666848975,0.999370666848975,0.0,0.0
5/3/1,C,VUF,3,mid1,1,0.9779925387782273,0.9798697330034065,0.004618886877792126,1.0666862328998858
5/3/1,C,VUF,3,mid1,2,0.9764513780275794,0.9718610643108919,0.004618886877792126,1.0666862328998858
5/3/1,C,VUF,3,mid1,3,0.9807779263137848,0.9835214468876677,0.004618886877792126,1.0666862328998858
5/3/1,C,VUF,1,mid2,1,0.9627241991008967,0.966442776348849,0.009345090140677909,2.1581561233286837
5/3/1,C,VUF,1,mid2,2,0.9596051478192239,0.9503351058863315,0.009345090140677909,2.1581561233286837
5/3/1,C,VUF,1,mid2,3,0.9679052647577382,0.9735820311019461,0.009345090140677909,2.1581561233286837
5/3/1,D,VUF,4,endbus,1,0.9366188916612948,0.9155176263333069,0.025559358746924825,5.902681061140505
5/3/1,D,VUF,4,endbus,2,0.9529635389150904,0.9519066713520393,0.025559358746924825,5.902681061140505
5/3/1,D,VUF,4,endbus,3,0.955891526212119,0.9789981535028127,0.025559358746924825,5.902681061140505
5/3/1,D,VUF,2,sourcebus,1,0.9990844269882287,0.9990844269882287,0.0,0.0
5/3/1,D,VUF,2,sourcebus,2,0.9994033258403888,0.9994033258403888,0.0,0.0
5/3/1,D,VUF,2,sourcebus,3,0.9992735660132691,0.9992735660132691,0.0,0.0
5/3/1,D,VUF,3,mid1,1,0.9748582163500817,0.969462864441252,0.006710234675339526,1.5496623184531348
5/3/1,D,VUF,3,mid1,2,0.9800018236065973,0.9793031217333188,0.006710234675339526,1.5496623184531348
5/3/1,D,VUF,3,mid1,3,0.9805433566969786,0.9867015679274286,0.006710234675339526,1.5496623184531348
5/3/1,D,VUF,1,mid2,1,0.9566200558657529,0.945610670992667,0.01357705040190581,3.1354854817365747
5/3/1,D,VUF,1,mid2,2,0.9663167383727957,0.9651850823836773,0.01357705040190581,3.1354854817365747
5/3/1,D,VUF,1,mid2,3,0.9676238870258388,0.9800297631658221,0.01357705040190581,3.1354854817365747
5/3/1,B,cost,4,endbus,1,0.9319380837574223,0.9191122354075265,0.014935609233196112,3.4492312045187346
5/3/1,B,cost,4,endbus,2,0.949929432049623,0.9494593520387722,0.014935609233196112,3.4492312045187346
5/3/1,B,cost,4,endbus,3,0.9767981995100546,0.9899515111919113,0.014935609233196112,3.4492312045187346
5/3/1,B,cost,2,sourcebus,1,0.9994250826389217,0.9994250826389217,0.0,0.0
5/3/1,B,cost,2,sourcebus,2,0.9991978438024703,0.9991978438024703,0.0,0.0
5/3/1,B,cost,2,sourcebus,3,0.9997575898472768,0.9997575898472768,0.0,0.0
5/3/1,B,cost,3,mid1,1,0.973825934348978,0.9704761665201753,0.004080486778082271,0.9423480559002032
5/3/1,B,cost,3,mid1,2,0.9789568596528814,0.97859460788664,0.004080486778082271,0.9423480559002032
5/3/1,B,cost,3,mid1,3,0.9866279462448888,0.9903286399678699,0.004080486778082271,0.9423480559002032
5/3/1,B,cost,1,mid2,1,0.9542297513385535,0.9474307900365884,0.008155868240908748,1.8835170897455142
5/3/1,B,cost,1,mid2,2,0.964469267990373,0.9638927011756636,0.008155868240908748,1.8835170897455142
5/3/1,B,cost,1,mid2,3,0.9792921504545017,0.9866237459703472,0.008155868240908748,1.8835170897455142
5/3/1,Bc,cost,4,endbus,1,0.9317751953308574,0.917977004056053,0.016061939430161546,3.7093460214844933
5/3/1,Bc,cost,4,endbus,2,0.9506610747804558,0.9502003896367799,0.016061939430161546,3.7093460214844933
5/3/1,Bc,cost,4,endbus,3,0.9769537243582516,0.9910932300684802,0.016061939430161546,3.7093460214844933
5/3/1,Bc,cost,2,sourcebus,1,0.9994249191792888,0.9994249191792888,0.0,0.0
5/3/1,Bc,cost,2,sourcebus,2,0.9992236865249395,0.9992236865249395,0.0,0.0
5/3/1,Bc,cost,2,sourcebus,3,0.9997668569008378,0.9997668569008378,0.0,0.0
5/3/1,Bc,cost,3,mid1,1,0.9737703690934654,0.9701755447694529,0.004373629680658683,1.010046509385611
5/3/1,Bc,cost,3,mid1,2,0.9791861523658513,0.978808029153423,0.004373629680658683,1.010046509385611
5/3/1,Bc,cost,3,mid1,3,0.9866769187403773,0.99064015383243,0.004373629680658683,1.010046509385611
5/3/1,Bc,cost,1,mid2,1,0.9541256802049293,0.9468239696461562,0.008750622987140152,2.0208698148809177
5/3/1,Bc,cost,1,mid2,2,0.9648955262553448,0.9642994798158337,0.008750622987140152,2.0208698148809177
5/3/1,Bc,cost,1,mid2,3,0.9793809579811695,0.9872414383575372,0.008750622987140152,2.0208698148809177
5/3/1,C,cost,4,endbus,1,0.9438887028618204,0.9456723500030527,0.0044391229119754875,1.0251715232779535
5/3/1,C,cost,4,endbus,2,0.9521659910763677,0.9477576313020039,0.0044391229119754875,1.0251715232779535
5/3/1,C,cost,4,endbus,3,0.9492559028151415,0.9519458269337921,0.0044391229119754875,1.0251715232779535
5/3/1,C,cost,2,sourcebus,1,0.9991174039571817,0.9991174039571817,0.0,0.0
5/3/1,C,cost,2,sourcebus,2,0.9992564072081137,0.9992564072081137,0.0,0.0
5/3/1,C,cost,2,sourcebus,3,0.9993457323452766,0.9993457323452766,0.0,0.0
5/3/1,C,cost,3,mid1,1,0.9770822387515421,0.9775547741268726,0.0011232439523902883,0.2594020793112609
5/3/1,C,cost,3,mid1,2,0.9794740168663536,0.9783554547507524,0.0011232439523902883,0.2594020793112609
5/3/1,C,cost,3,mid1,3,0.9787868886472836,0.9794372335950764,0.0011232439523902883,0.2594020793112609
5/3/1,C,cost,1,mid2,1,0.9609028323530268,0.9618569557937566,0.002299186775162711,0.5309744414229676
5/3/1,C,cost,1,mid2,2,0.9655273981694341,0.9632396320358614,0.002299186775162711,0.5309744414229676
5/3/1,C,cost,1,mid2,3,0.9640401455656356,0.9653917247928367,0.002299186775162711,0.5309744414229676
5/3/1,D,cost,4,endbus,1,0.9488586989225714,0.9469007601708305,0.0025623025519213153,0.5917384272388146
5/3/1,D,cost,4,endbus,2,0.9570334101113169,0.9565883545641041,0.0025623025519213153,0.5917384272388146
5/3/1,D,cost,4,endbus,3,0.9548597080347887,0.9572652616208914,0.0025623025519213153,0.5917384272388146
5/3/1,D,cost,2,sourcebus,1,0.9993951355409731,0.9993951355409731,0.0,0.0
5/3/1,D,cost,2,sourcebus,2,0.9994894136670283,0.9994894136670283,0.0,0.0
5/3/1,D,cost,2,sourcebus,3,0.9995406600863344,0.9995406600863344,0.0,0.0
5/3/1,D,cost,3,mid1,1,0.9786406588721281,0.978121182924172,0.0006858076797337789,0.15838049940264398
5/3/1,D,cost,3,mid1,2,0.9810021463927292,0.9808745915650872,0.0006858076797337789,0.15838049940264398
5/3/1,D,cost,3,mid1,3,0.9804118488956282,0.9810590282274191,0.0006858076797337789,0.15838049940264398
5/3/1,D,cost,1,mid2,1,0.9637443120846919,0.9626959649263456,0.0013793399352020417,0.31854491315715994
5/3/1,D,cost,1,mid2,2,0.9683346907562428,0.9680846024731525,0.0013793399352020417,0.31854491315715994
5/3/1,D,cost,1,mid2,3,0.9671257559643605,0.9684249047338129,0.0013793399352020417,0.31854491315715994
6/2/1,A,cost,4,endbus,1,0.9038933347642464,0.8566758534290025,0.048929639225573154,11.299816151294374
6/2/1,A,cost,4,endbus,2,0.9673325137282246,0.9807409742795957,0.048929639225573154,11.299816151294374
6/2/1,A,cost,4,endbus,3,0.9683746729320719,1.0039934329744278,0.048929639225573154,11.299816151294374
6/2/1,A,cost,2,sourcebus,1,0.9988079310748007,0.9988079310748007,0.0,0.0
6/2/1,A,cost,2,sourcebus,2,0.9993307524482588,0.9993307524482588,0.0,0.0
6/2/1,A,cost,2,sourcebus,3,0.9995203432189677,0.9995203432189677,0.0,0.0
6/2/1,A,cost,3,mid1,1,0.9655008859082265,0.953093989586619,0.013025531927497872,3.008117745871585
6/2/1,A,cost,3,mid1,2,0.9841847010529465,0.9870072263368171,0.013025531927497872,3.008117745871585
6/2/1,A,cost,3,mid1,3,0.9840270226031366,0.9937358678035118,0.013025531927497872,3.008117745871585
6/2/1,A,cost,1,mid2,1,0.9383246702642442,0.913214626043396,0.026245774348182885,6.061201954005425
6/2/1,A,cost,1,mid2,2,0.9745585610011428,0.9807451642143437,0.026245774348182885,6.061201954005425
6/2/1,A,cost,1,mid2,3,0.9744044548207293,0.9938421244078133,0.026245774348182885,6.061201954005425
6/2/1,B,VUF,4,endbus,1,0.9093430888084212,0.8327829048348755,0.0771549509192124,17.818172673007858
6/2/1,B,VUF,4,endbus,2,0.9786735054159459,1.0259323774054603,0.0771549509192124,17.818172673007858
6/2/1,B,VUF,4,endbus,3,0.9528315972247621,0.9896772244435996,0.0771549509192124,17.818172673007858
6/2/1,B,VUF,2,sourcebus,1,0.9990121456988506,0.9990121456988506,0.0,0.0
6/2/1,B,VUF,2,sourcebus,2,0.9997436359746438,0.9997436359746438,0.0,0.0
6/2/1,B,VUF,2,sourcebus,3,0.9991162518985107,0.9991162518985107,0.0,0.0
6/2/1,B,VUF,3,mid1,1,0.9670939306279203,0.9467775771937692,0.020343733867834782,4.698184089966607
6/2/1,B,VUF,3,mid1,2,0.9878626699686147,0.9989862891161853,0.020343733867834782,4.698184089966607
6/2/1,B,VUF,3,mid1,3,0.9790915730815546,0.9888113840364253,0.020343733867834782,4.698184089966607
6/2/1,B,VUF,1,mid2,1,0.9413465938769991,0.9003489929693296,0.041115122935869636,9.495130917915557
6/2/1,B,VUF,1,mid2,2,0.9813308741406669,1.0047392162526598,0.041115122935869636,9.495130917915557
6/2/1,B,VUF,1,mid2,3,0.9651923668862561,0.9849308614433524,0.041115122935869636,9.495130917915557
6/2/1,Bc,VUF,4,endbus,1,0.9136544575807855,0.8523013775309697,0.06136622567501908,14.171922765049437
6/2/1,Bc,VUF,4,endbus,2,0.9767439284395247,1.00894677667215,0.06136622567501908,14.171922765049437
6/2/1,Bc,VUF,4,endbus,3,0.9657492340343364,0.9989531440773606,0.06136622567501908,14.171922765049437
6/2/1,Bc,VUF,2,sourcebus,1,0.9991921606216201,0.9991921606216201,0.0,0.0
6/2/1,Bc,VUF,2,sourcebus,2,0.9997429009303095,0.9997429009303095,0.0,0.0
6/2/1,Bc,VUF,2,sourcebus,3,0.999529547608541,0.999529547608541,0.0,0.0
6/2/1,Bc,VUF,3,mid1,1,0.9683899828029345,0.9521740806237383,0.016238657094726203,3.75015721796728
6/2/1,Bc,VUF,3,mid1,2,0.9871746164296014,0.9945680918919718,0.016238657094726203,3.75015721796728
6/2/1,Bc,VUF,3,mid1,3,0.9831457683444844,0.9922506434939476,0.016238657094726203,3.75015721796728
6/2/1,Bc,VUF,1,mid2,1,0.9437703369433124,0.9110023276790182,0.03278145842606833,7.570553538687632
6/2/1,Bc,VUF,1,mid2,2,0.9800554654793793,0.995758539279332,0.03278145842606833,7.570553538687632
6/2/1,Bc,VUF,1,mid2,3,0.9727371991750117,0.9909553706606038,0.03278145842606833,7.570553538687632
6/2/1,C,VUF,4,endbus,1,0.9332636939754605,0.9218320023852339,0.024356354623627334,5.624859159371692
6/2/1,C,VUF,4,endbus,2,0.948263426230077,0.9360613546487013,0.024356354623627334,5.624859159371692
6/2/1,C,VUF,4,endbus,3,0.9626990929456017,0.9870510928084604,0.024356354623627334,5.624859159371692
6/2/1,C,VUF,2,sourcebus,1,0.9990256937707046,0.9990256937707046,0.0,0.0
6/2/1,C,VUF,2,sourcebus,2,0.9992452415702809,0.9992452415702809,0.0,0.0
6/2/1,C,VUF,2,sourcebus,3,0.9994373912170437,0.9994373912170437,0.0,0.0
6/2/1,C,VUF,3,mid1,1,0.973877550681496,0.9710143462609184,0.006422948322926267,1.4833163772930142
6/2/1,C,VUF,3,mid1,2,0.9785151060775147,0.9750136645919273,0.006422948322926267,1.4833163772930142
6/2/1,C,VUF,3,mid1,3,0.9826447099510967,0.9890569215205515,0.006422948322926267,1.4833163772930142
6/2/1,C,VUF,1,mid2,1,0.9547310243982782,0.9488547636051452,0.012977001481340044,2.996910119410339
6/2/1,C,VUF,1,mid2,2,0.9635538416860562,0.9566653952244099,0.012977001481340044,2.996910119410339
6/2/1,C,VUF,1,mid2,3,0.9715858493149759,0.9845493583481253,0.012977001481340044,2.996910119410339
6/2/1,D,VUF,4,endbus,1,0.9302721913911131,0.8925968095040799,0.038758029506460324,8.950783507525731
6/2/1,D,VUF,4,endbus,2,0.9602494104178478,0.9724648099950761,0.038758029506460324,8.950783507525731
6/2/1,D,VUF,4,endbus,3,0.9537257856518743,0.9813102275278711,0.038758029506460324,8.950783507525731
6/2/1,D,VUF,2,sourcebus,1,0.9990498749959202,0.9990498749959202,0.0,0.0
6/2/1,D,VUF,2,sourcebus,2,0.999521870375189,0.999521870375189,0.0,0.0
6/2/1,D,VUF,2,sourcebus,3,0.9991830953422122,0.9991830953422122,0.0,0.0
6/2/1,D,VUF,3,mid1,1,0.9730395331512259,0.9632538995405753,0.010184432893976636,2.351994029152436
6/2/1,D,VUF,3,mid1,2,0.9822471919684634,0.9847806298828001,0.010184432893976636,2.351994029152436
6/2/1,D,VUF,3,mid1,3,0.9797449352349201,0.9871438700502435,0.010184432893976636,2.351994029152436
6/2/1,D,VUF,1,mid2,1,0.9530568166072492,0.9331826417871472,0.020602934832585212,4.758043988675756
6/2/1,D,VUF,1,mid2,2,0.9705850266744692,0.9761707201237689,0.020602934832585212,4.758043988675756
6/2/1,D,VUF,1,mid2,3,0.9662059911229626,0.981095679686927,0.020602934832585212,4.758043988675756
6/2/1,B,cost,4,endbus,1,0.9195182314850955,0.9028875728769247,0.01693813161186979,3.911693938272933
6/2/1,B,cost,4,endbus,2,0.9583537348013431,0.9633865077590427,0.01693813161186979,3.911693938272933
6/2/1,B,cost,4,endbus,3,0.9790433306281306,0.9903287458646569,0.01693813161186979,3.911693938272933
6/2/1,B,cost,2,sourcebus,1,0.9992880716015757,0.9992880716015757,0.0,0.0
6/2/1,B,cost,2,sourcebus,2,0.9991492411973313,0.9991492411973313,0.0,0.0
6/2/1,B,cost,2,sourcebus,3,0.9999024833206956,0.9999024833206956,0.0,0.0
6/2/1,B,cost,3,mid1,1,0.97031155107117,0.9658070559716255,0.004670693208583896,1.0786503925112276
6/2/1,B,cost,3,mid1,2,0.9812735344693962,0.9824175282544507,0.004670693208583896,1.0786503925112276
6/2/1,B,cost,3,mid1,3,0.9872684619438032,0.9906042694410173,0.004670693208583896,1.0786503925112276
6/2/1,B,cost,1,mid2,1,0.947355728769314,0.9383190612514634,0.009309756654693883,2.1499962042709693
6/2/1,B,cost,1,mid2,2,0.9691183235602394,0.971548348432181,0.009309756654693883,2.1499962042709693
6/2/1,B,cost,1,mid2,3,0.9804790987109134,0.9869894135896563,0.009309756654693883,2.1499962042709693
6/2/1,Bc,cost,4,endbus,1,0.9180693778791569,0.8916614972040668,0.026967542663802812,6.227887206531709
6/2/1,Bc,cost,4,endbus,2,0.9640524012548687,0.9721021669978117,0.026967542663802812,6.227887206531709
6/2/1,Bc,cost,4,endbus,3,0.9785452324536684,0.9968859724298247,0.026967542663802812,6.227887206531709
6/2/1,Bc,cost,2,sourcebus,1,0.9992794338135403,0.9992794338135403,0.0,0.0
6/2/1,Bc,cost,2,sourcebus,2,0.9993425042870097,0.9993425042870097,0.0,0.0
6/2/1,Bc,cost,2,sourcebus,3,0.9999114006080224,0.9999114006080224,0.0,0.0
6/2/1,Bc,cost,3,mid1,1,0.9698268123293091,0.9628113542115755,0.007287020927903007,1.682865397726095
6/2/1,Bc,cost,3,mid1,2,0.983086853710117,0.9848544220054646,0.007287020927903007,1.682865397726095
6/2/1,Bc,cost,3,mid1,3,0.9871166096268932,0.9923604966508708,0.007287020927903007,1.682865397726095
6/2/1,Bc,cost,1,mid2,1,0.9464475770568344,0.9322909167306829,0.014614794893121405,3.3751423062779247
6/2/1,Bc,cost,1,mid2,2,0.9724791580434206,0.9762879504780769,0.014614794893121405,3.3751423062779247
6/2/1,Bc,cost,1,mid2,3,0.9801786008424777,0.9905151723348777,0.014614794893121405,3.3751423062779247
6/2/1,C,cost,4,endbus,1,0.9360829679368179,0.927507961538048,0.009533988469211038,2.2017803236599125
6/2/1,C,cost,4,endbus,2,0.9593743590557214,0.9601779155532628,0.009533988469211038,2.2017803236599125
6/2/1,C,cost,4,endbus,3,0.949519941127835,0.9573548590590713,0.009533988469211038,2.2017803236599125
6/2/1,C,cost,2,sourcebus,1,0.9990115880544934,0.9990115880544934,0.0,0.0
6/2/1,C,cost,2,sourcebus,2,0.9993379450344021,0.9993379450344021,0.0,0.0
6/2/1,C,cost,2,sourcebus,3,0.9993665169623803,0.9993665169623803,0.0,0.0
6/2/1,C,cost,3,mid1,1,0.9748032465826137,0.9725317003856102,0.0025389970760510867,0.5863562581319072
6/2/1,C,cost,3,mid1,2,0.981619830245125,0.9817812831992916,0.0025389970760510867,0.5863562581319072
6/2/1,C,cost,3,mid1,3,0.978826163539983,0.980940288622804,0.0025389970760510867,0.5863562581319072
6/2/1,C,cost,1,mid2,1,0.9564950801303731,0.951911522694098,0.0051146821163176055,1.1811852386701338
6/2/1,C,cost,1,mid2,2,0.9696642436365087,0.9700249226338611,0.0051146821163176055,1.1811852386701338
6/2/1,C,cost,1,mid2,3,0.9641263871473882,0.9683669221545887,0.0051146821163176055,1.1811852386701338
6/2/1,D,cost,4,endbus,1,0.9379892317256189,0.9319338244465765,0.0067733200940322015,1.5642312718387972
6/2/1,D,cost,4,endbus,2,0.9611138295020599,0.9615234616828571,0.0067733200940322015,1.5642312718387972
6/2/1,D,cost,4,endbus,3,0.9574849782267761,0.963102637258002,0.0067733200940322015,1.5642312718387972
6/2/1,D,cost,2,sourcebus,1,0.9992202720271414,0.9992202720271414,0.0,0.0
6/2/1,D,cost,2,sourcebus,2,0.9994148796733805,0.9994148796733805,0.0,0.0
6/2/1,D,cost,2,sourcebus,3,0.9996107933038406,0.9996107933038406,0.0,0.0
6/2/1,D,cost,3,mid1,1,0.9754939691066248,0.9738561988272085,0.001848193297125167,0.42682195904387094
6/2/1,D,cost,3,mid1,2,0.9821280558806993,0.9822054695995329,0.001848193297125167,0.42682195904387094
6/2/1,D,cost,3,mid1,3,0.981169724451187,0.982727830218415,0.001848193297125167,0.42682195904387094
6/2/1,D,cost,1,mid2,1,0.957658260126111,0.9543732099961397,0.003695642890254597,0.8534721670068873
6/2/1,D,cost,1,mid2,2,0.9706176333994048,0.9707962957470719,0.003695642890254597,0.8534721670068873
6/2/1,D,cost,1,mid2,3,0.9685776976178652,0.9716757571530092,0.003695642890254597,0.8534721670068873
7/1/1,A,cost,4,endbus,1,0.8875138415957733,0.8209691301969968,0.06694305797516119,15.459837016934417
7/1/1,A,cost,4,endbus,2,0.9810134995752889,1.0090427009146525,0.06694305797516119,15.459837016934417
7/1/1,A,cost,4,endbus,3,0.9660613202423711,1.007956813127544,0.06694305797516119,15.459837016934417
7/1/1,A,cost,2,sourcebus,1,0.9986161797258416,0.9986161797258416,0.0,0.0
7/1/1,A,cost,2,sourcebus,2,0.999451957242702,0.999451957242702,0.0,0.0
7/1/1,A,cost,2,sourcebus,3,0.9995374877180278,0.9995374877180278,0.0,0.0
7/1/1,A,cost,3,mid1,1,0.9607789296889565,0.943172152775208,0.017829206160593365,4.117478790502366
7/1/1,A,cost,3,mid1,2,0.9882297898306482,0.9946631349645291,0.017829206160593365,4.117478790502366
7/1/1,A,cost,3,mid1,3,0.9832668759689436,0.9946764850064002,0.017829206160593365,4.117478790502366
7/1/1,A,cost,1,mid2,1,0.9291429974426343,0.893583247049124,0.035922752931873886,8.296004430099924
7/1/1,A,cost,1,mid2,2,0.9823898930014365,0.9960484384571765,0.035922752931873886,8.296004430099924
7/1/1,A,cost,1,mid2,3,0.9729534525543848,0.9958248219663809,0.035922752931873886,8.296004430099924
7/1/1,B,VUF,4,endbus,1,0.8977715092503745,0.8053157099992833,0.09565366717827442,22.090268197740645
7/1/1,B,VUF,4,endbus,2,0.9909769850495185,1.057777765836452,0.09565366717827442,22.090268197740645
7/1/1,B,VUF,4,endbus,3,0.9494518854805333,0.9862449582586104,0.09565366717827442,22.090268197740645
7/1/1,B,VUF,2,sourcebus,1,0.9989770326003663,0.9989770326003663,0.0,0.0
7/1/1,B,VUF,2,sourcebus,2,0.9998599252891327,0.9998599252891327,0.0,0.0
7/1/1,B,VUF,2,sourcebus,3,0.9991259322634707,0.9991259322634707,0.0,0.0
7/1/1,B,VUF,3,mid1,1,0.9638119733767436,0.9389211566789288,0.025253496972797756,5.832045310089674
7/1/1,B,VUF,3,mid1,2,0.991506170914856,1.0076057368542297,0.025253496972797756,5.832045310089674
7/1/1,B,VUF,3,mid1,3,0.9779883089628386,0.9875476372893377,0.025253496972797756,5.832045310089674
7/1/1,B,VUF,1,mid2,1,0.9348920315677773,0.8848832865302404,0.05101689496039032,11.781847215440088
7/1/1,B,VUF,1,mid2,2,0.9883746781545357,1.021968106754682,0.05101689496039032,11.781847215440088
7/1/1,B,VUF,1,mid2,3,0.9630911795533226,0.9826519985143801,0.05101689496039032,11.781847215440088
7/1/1,Bc,VUF,4,endbus,1,0.898342281696123,0.8189175503030119,0.07992771387421359,18.458514848395442
7/1/1,Bc,VUF,4,endbus,2,0.989519741801501,1.037069128142395,0.07992771387421359,18.458514848395442
7/1/1,Bc,VUF,4,endbus,3,0.9633970406620028,1.0017522182550984,0.07992771387421359,18.458514848395442
7/1/1,Bc,VUF,2,sourcebus,1,0.9990329511816883,0.9990329511816883,0.0,0.0
7/1/1,Bc,VUF,2,sourcebus,2,0.9998539927889215,0.9998539927889215,0.0,0.0
7/1/1,Bc,VUF,2,sourcebus,3,0.9995455312142522,0.9995455312142522,0.0,0.0
7/1/1,Bc,VUF,3,mid1,1,0.9639722851679222,0.9428006195077926,0.02118214179105752,4.891806106031953
7/1/1,Bc,VUF,3,mid1,2,0.990960786816308,1.0021327242637175,0.02118214179105752,4.891806106031953
7/1/1,Bc,VUF,3,mid1,3,0.9823700120935398,0.9928221138562414,0.02118214179105752,4.891806106031953
7/1/1,Bc,VUF,1,mid2,1,0.9351759855807006,0.8925050476574569,0.04274300137477611,9.871073339879812
7/1/1,Bc,VUF,1,mid2,2,0.9873798625773673,1.010916007184561,0.04274300137477611,9.871073339879812
7/1/1,Bc,VUF,1,mid2,3,0.9712587896333926,0.9922405814106632,0.04274300137477611,9.871073339879812
7/1/1,C,VUF,4,endbus,1,0.918038324284443,0.8875930080643504,0.04057314732356883,9.369967011653124
7/1/1,C,VUF,4,endbus,2,0.9547389910705301,0.9485212589326911,0.04057314732356883,9.369967011653124
7/1/1,C,VUF,4,endbus,3,0.9691699972286236,1.0075723758412443,0.04057314732356883,9.369967011653124
7/1/1,C,VUF,2,sourcebus,1,0.9988803799881145,0.9988803799881145,0.0,0.0
7/1/1,C,VUF,2,sourcebus,2,0.9993050424209678,0.9993050424209678,0.0,0.0
7/1/1,C,VUF,2,sourcebus,3,0.9994987920737008,0.9994987920737008,0.0,0.0
7/1/1,C,VUF,3,mid1,1,0.9694385321144218,0.9615820578511768,0.010731915398297388,2.4784296976509146
7/1/1,C,VUF,3,mid1,2,0.980527453909762,0.9782397073862943,0.010731915398297388,2.4784296976509146
7/1/1,C,VUF,3,mid1,3,0.9844202851340424,0.9946803587888383,0.010731915398297388,2.4784296976509146
7/1/1,C,VUF,1,mid2,1,0.9461081538718068,0.9301262343851258,0.021663416314404965,5.002951696275455
7/1/1,C,VUF,1,mid2,2,0.9673963475545514,0.9632106579028848,0.021663416314404965,5.002951696275455
7/1/1,C,VUF,1,mid2,3,0.9750956611131562,0.9957467270982867,0.021663416314404965,5.002951696275455
7/1/1,D,VUF,4,endbus,1,0.9199818865364843,0.8637271861597237,0.05664457398110721,13.08150401444957
7/1/1,D,VUF,4,endbus,2,0.9669486499187735,0.9912714726307439,0.05664457398110721,13.08150401444957
7/1/1,D,VUF,4,endbus,3,0.9526435754624375,0.9889335340289204,0.05664457398110721,13.08150401444957
7/1/1,D,VUF,2,sourcebus,1,0.9989415349943946,0.9989415349943946,0.0,0.0
7/1/1,D,VUF,2,sourcebus,2,0.9996093715458939,0.9996093715458939,0.0,0.0
7/1/1,D,VUF,2,sourcebus,3,0.9990936657640347,0.9990936657640347,0.0,0.0
7/1/1,D,VUF,3,mid1,1,0.9700418538063535,0.9553410887569613,0.01490348118389217,3.4418115493530674
7/1/1,D,VUF,3,mid1,2,0.9843312780791468,0.9896921961802758,0.01490348118389217,3.4418115493530674
7/1/1,D,VUF,3,mid1,3,0.9792437027450489,0.9888882792108681,0.01490348118389217,3.4418115493530674
7/1/1,D,VUF,1,mid2,1,0.9472393946259001,0.9174370854900202,0.03013959485432826,6.960441280965073
7/1/1,D,VUF,1,mid2,2,0.9745485370332814,0.9861058256513704,0.03013959485432826,6.960441280965073
7/1/1,D,VUF,1,mid2,3,0.9653838030457929,0.9848721419577493,0.03013959485432826,6.960441280965073
7/1/1,B,cost,4,endbus,1,0.9066275870896531,0.8831812307548166,0.024116412751162244,5.569446957508659
7/1/1,B,cost,4,endbus,2,0.9656995645697937,0.9814057730661591,0.024116412751162244,5.569446957508659
7/1/1,B,cost,4,endbus,3,0.9777149744094731,0.9851556208020301,0.024116412751162244,5.569446957508659
7/1/1,B,cost,2,sourcebus,1,0.9991303789845525,0.9991303789845525,0.0,0.0
7/1/1,B,cost,2,sourcebus,2,0.9990481741851017,0.9990481741851017,0.0,0.0
7/1/1,B,cost,2,sourcebus,3,0.9999095860695646,0.9999095860695646,0.0,0.0
7/1/1,B,cost,3,mid1,1,0.9666699642833437,0.9601484251587036,0.006588235922992966,1.5214879134499009
7/1/1,B,cost,3,mid1,2,0.9832508319656947,0.987249004136114,0.006588235922992966,1.5214879134499009
7/1/1,B,cost,3,mid1,3,0.9867999141936021,0.98929562153494,0.006588235922992966,1.5214879134499009
7/1/1,B,cost,1,mid2,1,0.940238435663313,0.927266048115874,0.013167878059987256,3.040991177035924
7/1/1,B,cost,1,mid2,2,0.9731504670361675,0.9813166921378413,0.013167878059987256,3.040991177035924
7/1/1,B,cost,1,mid2,3,0.9796032344822013,0.9843049111738464,0.013167878059987256,3.040991177035924
7/1/1,Bc,cost,4,endbus,1,0.9029442089974786,0.858056463785869,0.04489720314320592,10.368564928236502
7/1/1,Bc,cost,4,endbus,2,0.9777200326348896,1.0002003121264633,0.04489720314320592,10.368564928236502
7/1/1,Bc,cost,4,endbus,3,0.9766111571893308,0.999754072285431,0.04489720314320592,10.368564928236502
7/1/1,Bc,cost,2,sourcebus,1,0.9991062369195569,0.9991062369195569,0.0,0.0
7/1/1,Bc,cost,2,sourcebus,2,0.9994615348608593,0.9994615348608593,0.0,0.0
7/1/1,Bc,cost,2,sourcebus,3,0.9999286225268676,0.9999286225268676,0.0,0.0
7/1/1,Bc,cost,3,mid1,1,0.965459869087388,0.9534294898179998,0.012048510005723316,2.7824841980553026
7/1/1,Bc,cost,3,mid1,2,0.9871201391623886,0.9925022955973832,0.012048510005723316,2.7824841980553026
7/1/1,Bc,cost,3,mid1,3,0.9864636989284353,0.9931577344600103,0.012048510005723316,2.7824841980553026
7/1/1,Bc,cost,1,mid2,1,0.9379611788909212,0.9137553781355272,0.02421680961211484,5.592632619387369
7/1/1,Bc,cost,1,mid2,2,0.980292969342525,0.9915380047299239,0.02421680961211484,5.592632619387369
7/1/1,Bc,cost,1,mid2,3,0.9789383253220478,0.9920957545284419,0.02421680961211484,5.592632619387369
7/1/1,C,cost,4,endbus,1,0.9221468383747659,0.8961459466057238,0.026114457701781252,6.030875673545801
7/1/1,C,cost,4,endbus,2,0.9705372303756881,0.9817994856953192,0.026114457701781252,6.030875673545801
7/1/1,C,cost,4,endbus,3,0.9506420417474323,0.9658061124473121,0.026114457701781252,6.030875673545801
7/1/1,C,cost,2,sourcebus,1,0.9988572911391839,0.9988572911391839,0.0,0.0
7/1/1,C,cost,2,sourcebus,2,0.999437115261593,0.999437115261593,0.0,0.0
7/1/1,C,cost,2,sourcebus,3,0.999404360750777,0.999404360750777,0.0,0.0
7/1/1,C,cost,3,mid1,1,0.9707789717284532,0.9638651661457792,0.006967199403083251,1.6090057803471662
7/1/1,C,cost,3,mid1,2,0.984937109546464,0.9876707591918057,0.006967199403083251,1.6090057803471662
7/1/1,C,cost,3,mid1,3,0.9790665016045228,0.9832752052859061,0.006967199403083251,1.6090057803471662
7/1/1,C,cost,1,mid2,1,0.9486682418212634,0.9347311717197199,0.014028541044056968,3.2397527792496024
7/1/1,C,cost,1,mid2,2,0.976077291784757,0.9817606903452138,0.014028541044056968,3.2397527792496024
7/1/1,C,cost,1,mid2,3,0.9646250455390474,0.9729994205387751,0.014028541044056968,3.2397527792496024
7/1/1,D,cost,4,endbus,1,0.9255707428817338,0.914713750565422,0.011426725642548194,2.63888925027248
7/1/1,D,cost,4,endbus,2,0.9651983840181565,0.9674926770770668,0.011426725642548194,2.63888925027248
7/1/1,D,cost,4,endbus,3,0.9615998509423042,0.9700218178224072,0.011426725642548194,2.63888925027248
7/1/1,D,cost,2,sourcebus,1,0.9990589610827535,0.9990589610827535,0.0,0.0
7/1/1,D,cost,2,sourcebus,2,0.9993176328988048,0.9993176328988048,0.0,0.0
7/1/1,D,cost,2,sourcebus,3,0.9997068674034815,0.9997068674034815,0.0,0.0
7/1/1,D,cost,3,mid1,1,0.9719271584160994,0.9689643698202789,0.0031466021586836236,0.7266766413394591
7/1/1,D,cost,3,mid1,2,0.9832331672803798,0.9837917608509478,0.0031466021586836236,0.7266766413394591
7/1/1,D,cost,3,mid1,3,0.9823429418689776,0.9847362769198195,0.0031466021586836236,0.7266766413394591
7/1/1,D,cost,1,mid2,1,0.9507237623401776,0.9447972935502005,0.006274889315939554,1.4491236142771233
7/1/1,D,cost,1,mid2,2,0.9728864404127128,0.9740477395698435,0.006274889315939554,1.4491236142771233
7/1/1,D,cost,1,mid2,3,0.9708407120184573,0.9755641479192757,0.006274889315939554,1.4491236142771233
