split_kw,unbalance_index,scenario,objective,status,vuf_neutral,vuf_bus,vmin_pu,vmax_pu,vmin_phase,vmax_phase,vmin_ground_pu,vmax_ground_pu,nev_pu,nev_bus,v2_max_pu,loss_total_kw,loss_series_kw,loss_neutral_kw,loss_shunt_kw,loss_pct_of_load,statcom_p_ph1_kw,statcom_p_ph2_kw,statcom_p_ph3_kw,statcom_p_sum_kw,statcom_q_ph1_kvar,statcom_q_ph2_kvar,statcom_q_ph3_kvar,worst_leg_utilisation
6.0/6.0/6.0,0.0,A,cost,SOLVED,1.5191189369690711e-16,3,0.9839096630687911,0.9998517700078623,1,3,0.9839096630687911,0.9998517700078623,1.0199354372050827e-17,3,1.4414582959426043e-16,0.29398419465242576,0.29398419465242576,3.9247407931887484e-32,5.548097579022525e-34,1.6332455258468097,,,,,,,,
6.0/6.0/6.0,0.0,B,cost,SOLVED,5.41855309366899e-16,3,0.9855104635408577,0.9999349352238455,1,1,0.9855104635408588,0.9999349352238455,1.5835320480895662e-15,3,5.45991225747557e-16,0.2644594872871474,0.2644594872871474,1.1151871675379267e-27,1.3373726652409262e-29,1.4692193738174857,2.499793664368432e-7,2.4997936643684316e-7,2.499793664368432e-7,7.499380993105296e-7,1.9738713776048578,1.9738713776056012,1.9738713776052401,0.9869356888028085
6.0/6.0/6.0,0.0,C,cost,SOLVED,1.3509196395148324e-16,1,0.9855038178929296,0.9999345879086612,1,1,0.9855038178929296,0.9999345879086612,2.50559030294706e-17,3,1.3508312730359806e-16,0.2644633620349082,0.2644633620349082,2.809771389877538e-31,3.348257475318583e-33,1.4692409001939346,7.350912589061208e-15,3.1159485296743136e-15,-1.0710651821100479e-14,-2.437907023649575e-16,1.9656049558483009,1.9656049558483095,1.965604955848296,0.9828024779241548
6.0/6.0/6.0,0.0,B,VUF,SOLVED,2.3604906587523456e-15,2,0.9839116410990358,0.9998518721271766,1,3,0.9839116410990396,0.9998518721271766,8.621669783496196e-15,3,2.306851545724605e-15,0.2939127787320618,0.2939127787320618,3.3118358692827957e-26,3.9644367923014058e-28,1.6328487707336767,2.4999027247500476e-7,2.499901612274546e-7,2.500028976258789e-7,7.499833313283384e-7,0.0024168475877215686,0.002416847587362922,0.0024168475887201236,0.001208423800825245
6.0/6.0/6.0,0.0,C,VUF,SOLVED,1.1469943855925474e-16,3,0.9839107933397837,0.9998518283764436,1,3,0.9839107933397837,0.9998518283764436,4.3501043861309606e-17,3,1.1050582504369825e-16,0.2939433764545128,0.2939433764545128,8.90694030803345e-31,1.0092484357459108e-32,1.6330187580806268,-1.69078078317121e-14,1.546531085026707e-14,-4.913399481884691e-15,-6.35589646332972e-15,0.001381439289922542,0.0013814392899044383,0.0013814392899409863,0.0006907196449704931
8.0/5.5/4.5,0.5833333333333334,A,cost,SOLVED,0.0030308951858290046,3,0.9701819709060822,0.9998946838006437,1,3,0.9782050175852524,0.9998946838006437,0.008387602125197062,3,0.0029819981627478747,0.3424459209561378,0.3420707109859479,0.03134536929200872,0.0003752099701899215,1.90247733864521,,,,,,,,
8.0/5.5/4.5,0.5833333333333334,B,cost,SOLVED,0.004311600654890351,3,0.9763132443000528,0.9999755889958749,1,3,0.9799764859503634,0.9999755889958749,0.003929247230469069,3,0.004247009848455134,0.2965852501152504,0.2965029088683269,0.006878859832732393,8.234124692346051e-5,1.6476958339736134,2.499795963881131e-7,2.4997962483284766e-7,2.4997960489234943e-7,7.499388261133102e-7,1.999701296409341,0.19396888447639843,1.9959928782156984,0.9998506482046783
8.0/5.5/4.5,0.5833333333333334,C,cost,SOLVED,0.0016184023252449793,3,0.9815761151180706,0.9999336999984891,1,3,0.9830146875086857,0.9999336999984891,0.0016105754346998657,3,0.0015941222470355829,0.27202367518341575,0.2720098407661845,0.001155739323328104,1.3834417231246196e-5,1.5112426399078653,1.3911284726052358,0.03013977974144573,-1.42126825234668,1.5543122344752192e-15,1.4366233642539088,1.184835864333779,1.4054650129002002,0.9998906337711634
8.0/5.5/4.5,0.5833333333333334,B,VUF,SOLVED,0.000192804535432268,3,0.962430663794885,0.9999458102042948,1,2,0.9782607396445157,0.9999458102042948,0.015846312248841414,3,0.00018969373683708755,0.4271061471342751,0.42576691720420695,0.11188044044685878,0.0013392299300681676,2.3728119285237503,2.4997937398489324e-7,2.499793778610958e-7,2.4997937645131014e-7,7.499381282972992e-7,0.2748034636390144,1.9902318206993568,-1.990306969375713,0.9951534846878644
8.0/5.5/4.5,0.5833333333333334,C,VUF,SOLVED,4.811079230098483e-6,3,0.9738320951698519,0.999894886884817,1,2,0.9812887022369874,0.999894886884817,0.007791019914422685,3,4.7335932213939116e-6,0.32631330574333584,0.32598957245636556,0.02704496212364572,0.00032373328697029804,1.8128516985740881,1.1963777682561743,-0.601027361151981,-0.5953504071041933,0.0,0.09771206083041616,0.9491572340781536,-0.9978873061634647,0.6001806834631866
10.0/5.0/3.0,1.1666666666666667,A,cost,SOLVED,0.0060822204193042365,3,0.9561033386816485,1.0043782800290633,1,3,0.972328225052631,0.9999361988960739,0.01692261031176634,3,0.005983304872757446,0.490813179708212,0.4892858477628045,0.12759464743446502,0.0015273319454074696,2.7267398872678443,,,,,,,,
10.0/5.0/3.0,1.1666666666666667,B,cost,SOLVED,0.008674248645283046,3,0.9669904360100743,1.000014559707766,1,3,0.9743139494843406,1.000014559707766,0.007830120846681188,3,0.008539310311840832,0.39393612466208683,0.3936091337688941,0.02731710539850609,0.00032699089319270045,2.1885340259004824,2.499798640925096e-7,2.49979910612238e-7,2.4997988040681654e-7,7.499396551115642e-7,1.999851825386233,-1.6490288922394722,1.998212039763306,0.9999259126931244
10.0/5.0/3.0,1.1666666666666667,C,cost,SOLVED,0.0047594043248534645,3,0.9728101302803442,0.9999474476001269,1,3,0.9778565140951027,0.9999474476001269,0.005279556806053665,3,0.00468445731942508,0.3226428206114975,0.32249416077113296,0.012419173170581476,0.00014865984036452044,1.7924601145083197,1.6902504088315302,0.10208723880840952,-1.7923376476399397,0.0,1.0689939073395023,-0.5632218932037436,0.8869681547309349,0.9999618015809568
10.0/5.0/3.0,1.1666666666666667,B,VUF,SOLVED,0.003223985818570533,3,0.9487740399859517,1.0033241058361528,1,3,0.9726236516214629,0.9999565657146682,0.023866340728931294,3,0.003171730511082,0.6080807261738388,0.6050428476682952,0.2537870290928871,0.003037878505543706,3.3782262565213266,2.499924305545684e-7,2.499924878086735e-7,2.499924853172556e-7,7.499774036804975e-7,0.5958027653694316,1.9998031308529296,-1.9998016367365206,0.9999015654264727
10.0/5.0/3.0,1.1666666666666667,C,VUF,SOLVED,0.0008714346166464196,3,0.961943692126739,1.0001361042960952,1,3,0.9775550334101445,0.9999318885303684,0.016270999801991228,3,0.000857336106852906,0.43659583043898964,0.43518385478802224,0.11795768163756527,0.0014119756509674594,2.4255323913277205,1.99102004201532,-1.0217677323579966,-0.9692523096573233,0.0,0.1698481391847216,1.7171792554334158,-1.7474649082755218,0.9991350816369168
12.0/4.0/2.0,1.6666666666666667,A,cost,SOLVED,0.008977039588352118,3,0.9415558146477045,1.0114308923395843,1,3,0.9662766010299705,0.9999641974900038,0.02520434568267762,3,0.008829169165877958,0.728986132888299,0.7255980846680755,0.28304051352442294,0.0033880482202235203,4.049922960490551,,,,,,,,
12.0/4.0/2.0,1.6666666666666667,B,cost,SOLVED,0.011630787523859527,3,0.9535064911673741,1.0060592308052168,1,3,0.9683989989787728,1.0000422974111338,0.015117179392406033,3,0.01144713710107864,0.5546043418948648,0.5533855199600266,0.10182145114473527,0.0012188219348383236,3.0811352327492494,2.499555864917135e-7,2.4995558919000943e-7,2.500777748686626e-7,7.499889505503854e-7,1.9999016323557008,-1.9998398961434725,1.9997790691703352,0.9999508161778583
12.0/4.0/2.0,1.6666666666666667,C,cost,SOLVED,0.008449088609007335,3,0.9626639350571881,0.9999770467151391,1,3,0.9722392235173061,0.9999770467151391,0.009773720542692967,3,0.008311704888359932,0.42865338507273143,0.4281439151354159,0.042561564449498095,0.000509469937315512,2.381407694848508,1.803454641673017,-0.03784902287429242,-1.7656056187987224,2.220446049250313e-15,0.8645149410651233,-1.998636188651941,0.9392251039553956,0.9999793407736961
12.0/4.0/2.0,1.6666666666666667,B,VUF,SOLVED,0.006004225819632791,3,0.9362163333397852,1.0089042575929585,1,2,0.9676110947242349,0.9999823619377319,0.03145460837197581,3,0.005907504099613916,0.8544857876455912,0.8492090282438078,0.44082509862482694,0.005276759401783312,4.747143264697729,2.4997963374297517e-7,2.4997964685408387e-7,2.4997960513745245e-7,7.499388857345115e-7,1.787007877396142,1.9997056591374118,-1.999706150241893,0.9998530751209543
12.0/4.0/2.0,1.6666666666666667,C,VUF,SOLVED,0.0037344644914262632,3,0.9477527141695377,1.0076567949595048,1,3,0.9717125132121985,0.9999492202968808,0.024446758579933066,3,0.0036733476881562633,0.6321555276526732,0.6289680929589904,0.26628108394103944,0.003187434693682833,3.5119751536259627,1.9747728687624584,-1.1915041099314396,-0.7832687588310189,-1.1102230246251565e-16,0.314495950074514,1.6058121113484154,-1.8397993491243787,0.9998294336802629
14.0/3.0/1.0,2.1666666666666665,A,cost,SOLVED,0.01194816856516621,3,0.9265699908690949,1.0186219487657018,1,3,0.9600162850119216,0.9999914063948198,0.03382123137924945,3,0.011747732315072883,1.0747436796171115,1.0686430092597314,0.5096553409390683,0.0061006703573798825,5.970798220095063,,,,,,,,
14.0/3.0/1.0,2.1666666666666665,B,cost,SOLVED,0.014456373872219298,3,0.9387103060865589,1.0131126089264704,1,3,0.9622591844181686,1.0000696270363567,0.023691007870021968,3,0.014224764236635826,0.8180238776956897,0.8150304704749034,0.2500718590431432,0.0029934072207863627,4.544577098309387,2.499717405462943e-7,2.4997176601195053e-7,2.4980671618023875e-7,7.497502227384836e-7,1.999930049818198,-1.999926481535938,1.9998844266633096,0.9999650249091068
14.0/3.0/1.0,2.1666666666666665,C,cost,SOLVED,0.011387761634602906,3,0.9483303162105624,1.0054895761780842,1,3,0.9662580314994653,1.0000094796159882,0.018142625690349076,3,0.011200623882846646,0.6213232260595025,0.6195677334358219,0.14665539018277454,0.00175549262368061,3.4517957003305693,1.8480451173824863,-0.12870482194350977,-1.7193402954390042,-2.7755575615628914e-14,0.7646103777764434,-1.995744229599007,1.0215620251374558,0.9999874731321242
14.0/3.0/1.0,2.1666666666666665,B,VUF,SOLVED,0.008862772109353318,3,0.921622653592463,1.0164045239750061,1,2,0.9615309945546835,1.0000067811851394,0.03997910427322195,3,0.00871757611406111,1.2304718516419586,1.2219474314900165,0.7121375200334892,0.008524420151942158,6.835954731344214,2.499798523118547e-7,2.4997985379498236e-7,2.4997985119869647e-7,7.499395573055336e-7,1.9983871926435106,1.9997887170178974,-1.999809272950338,0.9999046364751768
14.0/3.0/1.0,2.1666666666666665,C,VUF,SOLVED,0.006673515750344583,3,0.9331442561859281,1.0150085169843217,1,3,0.9656288688443497,0.9999699306351753,0.03286925288369774,3,0.006562537463460761,0.9281993338609313,0.9224372656735581,0.48136821931341717,0.005762068187373187,5.156662965894062,1.959767524103912,-1.2715881050727125,-0.6881794190311998,-2.220446049250313e-16,0.39820994887790645,1.5434124789941799,-1.8776285820580374,0.9999074847101759
16.0/1.5/0.5,2.5833333333333335,A,cost,SOLVED,0.014916529962762803,3,0.9110378022484535,1.0229577832518983,1,3,0.9535374341537434,1.0000061692803575,0.04260810512304863,3,0.014660354568616644,1.5288138772398272,1.5191314739215511,0.8088764472114328,0.009682403318276068,8.49341042911015,,,,,,,,
16.0/1.5/0.5,2.5833333333333335,B,cost,SOLVED,0.017205510718906525,3,0.9233759147130645,1.0172924004701136,1,3,0.9559014294252673,1.0002010539425787,0.0325291527796547,3,0.01692430924898587,1.1853384634537847,1.1796950192907867,0.47145826449780726,0.005643444162997959,6.5852136858543595,2.4997176537627486e-7,2.499717712373207e-7,2.4986584083231543e-7,7.49809377445911e-7,1.9999426478755682,-1.9999557620444541,1.9999335065343373,0.999977881022235
16.0/1.5/0.5,2.5833333333333335,C,cost,SOLVED,0.01438005328598175,3,0.9335164444007383,1.0109958014839637,1,3,0.9600679319504508,1.0000347524132436,0.026625073306629738,3,0.014140523750867674,0.9129980116939957,0.9092172408748843,0.3158489031448811,0.003780770819111506,5.072211176077754,1.8838020831469238,-0.29784102319568084,-1.585961059951245,-2.220446049250313e-15,0.671729207853814,-1.9776409724447812,1.2184100417822297,0.9999913021062486
16.0/1.5/0.5,2.5833333333333335,B,VUF,SOLVED,0.011712143832682962,3,0.9061675116057097,1.0267712689984263,1,2,0.9550357759198463,1.0000446609765765,0.04906625014568213,3,0.011515089345949891,1.7347977888598345,1.7219578053752551,1.0726634578067,0.012839983484579483,9.637765493665748,2.498511143401763e-7,2.4985115534351266e-7,2.4973667254740924e-7,7.494389422310981e-7,1.9994842524518002,1.9998229131398915,-1.9998616977324715,0.9999308488662435
16.0/1.5/0.5,2.5833333333333335,C,VUF,SOLVED,0.009602542350674885,3,0.9180462790591569,1.0196027526153886,1,3,0.9593466314020475,1.0000015958122108,0.04141261457801756,3,0.009439402122356973,1.3262278648067605,1.3170811733604275,0.7641226085763787,0.009146691446332974,7.3679325822597805,1.9270779652823027,-1.4072796413584525,-0.5197983239238504,-2.220446049250313e-16,0.5346683547864935,1.420884022857531,-1.93110402566176,0.9999374647805076
