load_scale,total_kw,scenario,status,vuf_neutral,vmin_pu,vmax_pu,nev_pu,v2_max_pu,breaches_2pct,statcom_p_sum_kw,worst_leg_utilisation,loss_total_kw,loss_neutral_kw,loss_shunt_kw,loss_pct_of_load
1.0,18.0,A,SOLVED,0.014916529962762659,0.911037802248456,1.022957783251897,0.04260810512304632,0.014660354568616503,false,,,1.528813877239807,0.8088764472114157,0.009682403318275024,8.493410429110039
1.0,18.0,B,SOLVED,0.0057948163376851675,0.8948083325876963,1.0468688868525997,0.06425663514064577,0.005697640534764895,false,7.499394947355646e-7,0.9999508527935719,2.534221491141743,1.839643658899934,0.022020880851189726,14.079008284120794
1.0,18.0,C,SOLVED,1.0643685069546216e-5,0.930593331067866,1.0123802326409774,0.03929329623117351,1.0466642735234867e-5,false,-6.661338147750939e-16,0.947432301844875,1.1224171967251064,0.6879148322302981,0.008234470019790692,6.235651092917258
1.2,21.6,A,SOLVED,0.018420442531325833,0.8907699069369884,1.0283199557110092,0.052333345451067124,0.018033228508900347,false,,,2.303962806214392,1.2202666585616269,0.014606821579203887,10.666494473214778
1.2,21.6,B,SOLVED,0.009163169521000861,0.8765457246336689,1.0526388811225258,0.07324164305634898,0.008976342470186015,false,7.499380623148293e-7,0.9999687797453297,3.397381470744041,2.3900880776465163,0.028609804147166046,15.7286179201113
1.2,21.6,C,SOLVED,0.0022673011863837346,0.9129474533474634,1.0177802962720395,0.048009892914956116,0.0022209128074146857,false,8.881784197001252e-16,0.9999132060247676,1.6869046020520952,1.0269734669572022,0.01229306569442962,7.809743528018959
1.4,25.2,A,SOLVED,0.02216186685497531,0.869365341856581,1.0340381674407835,0.06261332504884033,0.021606563120648972,true,,,3.2942097326957955,1.7467521377850181,0.020908951859582595,13.072260844030934
1.4,25.2,B,SOLVED,0.012797446080868887,0.855248819612652,1.056919271894295,0.08292895066376416,0.012483872066016187,false,7.499401354919303e-7,0.9999781275032267,4.484683350984821,3.0641504746791988,0.036678457910362824,17.79636250390802
1.4,25.2,C,SOLVED,0.00570962199257041,0.8933978830583651,1.022971511148743,0.05724986843813617,0.005571070002466095,false,-2.220446049250313e-16,0.9999675867026935,2.418749493143393,1.4603156336848517,0.0174802529929808,9.598212274378543
1.6,28.800000000000004,A,SOLVED,0.02618500128614385,0.8466086015751791,1.0401811697230139,0.07355425227888633,0.02541733222251741,true,,,4.540207164860768,2.4105343173107716,0.02885454948429897,15.76460821132211
1.6,28.800000000000004,B,SOLVED,0.016762205709240186,0.8325549617465027,1.061612346648284,0.09336215495383456,0.016278548885048753,false,7.499402776455169e-7,0.9999833322006378,5.834964770853079,3.88364463174117,0.04648795721399368,20.260294343239856
1.6,28.800000000000004,C,SOLVED,0.00937475107081582,0.8728152264770768,1.0284887366050273,0.06698752334501855,0.009109943355782643,false,4.440892098500626e-16,0.9999815327965701,3.3480690270963773,1.9993351046916283,0.02393241751413016,11.625239677417975
1.8,32.400000000000006,A,SOLVED,0.03054993583511189,0.8222064899910722,1.0468425897490627,0.08530062032696914,0.02951579832345086,true,,,6.0973269367692735,3.2419187604479913,0.038806377750217294,18.818910298670595
1.8,32.400000000000006,B,SOLVED,0.02109514105195186,0.808209154579213,1.06685166796036,0.10466201218095207,0.02038874549413015,true,7.552171138281995e-7,0.9999866048453616,7.505184602279169,4.880630265441269,0.05842206290008407,23.164150007034465
1.8,32.400000000000006,C,SOLVED,0.013300609750837926,0.8510186266870932,1.0343957522302987,0.07731087282355237,0.012869237158991666,false,-2.220446049250313e-16,0.9999879184016244,4.509685877992798,2.6630474298797626,0.031877178969277276,13.918783574051842
2.0,36.0,A,SOLVED,0.03534204940231884,0.7957421436514831,1.0541556565524044,0.09805786341922505,0.03397336796929392,true,,,8.044382768613184,4.284129607402476,0.05128183775116478,22.34550769059218
2.0,36.0,B,SOLVED,0.025873648626096146,0.7817907041083707,1.0727733517029117,0.11701921851209778,0.02487826563628771,true,7.499340973649841e-7,0.9999888933339439,9.576982861929967,6.101156083978225,0.07303198667297114,26.602730172027687
2.0,36.0,C,SOLVED,0.017538429267110696,0.8277658456147132,1.040774074134818,0.08833763276527005,0.016891882258498865,false,7.549516567451064e-15,0.9999916113880497,5.950047806108968,3.476876484776506,0.041618865933715804,16.52791057252491
