rating_kvar,scenario,status,vuf_neutral,vmin_pu,vmax_pu,nev_pu,statcom_p_ph1_kw,statcom_p_ph2_kw,statcom_p_ph3_kw,statcom_p_sum_kw,statcom_q_ph1_kvar,statcom_q_ph2_kvar,statcom_q_ph3_kvar,worst_leg_utilisation,loss_total_kw,loss_neutral_kw,loss_pct_of_load
0.0,A,SOLVED,0.014916529962762803,0.9110378022484535,1.0229577832518983,0.04260810512304863,,,,,,,,,1.5288138772398272,0.8088764472114328,8.49341042911015
1.5,B,SOLVED,0.01410694374562496,0.9098083294467647,1.021929042161104,0.044127604165296805,2.493187158785103e-7,2.4933666672669043e-7,2.5166514781543163e-7,7.503205304206323e-7,0.4996710114572281,0.499845781322243,-0.49988575625262754,0.9997715125053818,1.5685040373987973,0.8675978083314181,8.713911318882207
1.5,C,SOLVED,0.013586669592571862,0.9128048801173748,1.0221180179071971,0.042303245979970434,0.48137485777992717,-0.35188697612491043,-0.12948788165502445,-7.716050021144838e-15,0.1348740925067008,0.3550487982033941,-0.48282220647661533,0.9998255338450828,1.4716868353706118,0.7973429045967744,8.176037974281178
3.0,B,SOLVED,0.013302354791611628,0.9085868616440071,1.0212897969838721,0.045714499335945596,2.499673467273129e-7,2.4996734701698324e-7,2.4998815025283054e-7,7.499228439971267e-7,0.9996257874926491,0.9998387628766219,-0.999878955110764,0.9998789551107952,1.6160456294854224,0.9311200621483764,8.978031274919013
3.0,C,SOLVED,0.012257622203097123,0.9145621075492207,1.0212797010186523,0.04200234443435423,0.9631033530985109,-0.7039053209307847,-0.2591980321677264,-2.220446049250313e-16,0.2687709281569112,0.7101131682078393,-0.9656921791504317,0.99990293557521,1.418887168705,0.7860402998267062,7.882706492805556
4.5,B,SOLVED,0.012503774203031075,0.9073732979166397,1.0240292919088927,0.047362525437394505,2.4996597459214735e-7,2.499659764287865e-7,2.4988996209072283e-7,7.498219131116567e-7,1.4995657883564117,1.4998312166733851,-1.4998708996136882,0.9999139330758061,1.6714672382861544,0.9994646811757296,9.285929101589748
4.5,C,SOLVED,0.010929594834845157,0.9163091690426259,1.0204413074403313,0.04170550906422451,1.4450039450661998,-1.0557051688476942,-0.3892987762185056,0.0,0.40203921243287066,1.06538997483447,-1.4484539854531349,0.9999270928068315,1.3704071891230138,0.77496948457652,7.6133732729056325
6.0,B,SOLVED,0.011712143832682962,0.9061675116057097,1.0267712689984263,0.04906625014568213,2.498511143401763e-7,2.4985115534351266e-7,2.4973667254740924e-7,7.494389422310981e-7,1.9994842524518002,1.9998229131398915,-1.9998616977324715,0.9999308488662435,1.7347977888598345,1.0726634578067,9.637765493665748
6.0,C,SOLVED,0.009602542350674885,0.9180462790591569,1.0196027526153886,0.04141261457801756,1.9270779652823027,-1.4072796413584525,-0.5197983239238504,-2.220446049250313e-16,0.5346683547864935,1.420884022857531,-1.93110402566176,0.9999374647805076,1.3262278648067605,0.7641226085763787,7.3679325822597805
9.0,B,SOLVED,0.010154809618137802,0.9037786922333086,1.0322633075338647,0.052621885581685096,2.499799977862828e-7,2.4997999939903946e-7,2.499799899502512e-7,7.499399871355735e-7,2.9991760654314423,2.9998035669660617,-2.9998387422371673,0.9999462474123925,1.885311431322717,1.2337596443112564,10.473952396237317
9.0,C,SOLVED,0.006951196927779878,0.9214914602193847,1.0179248176951683,0.04083816504928186,2.89174909285854,-2.1097165852338007,-0.7820325076247395,-3.3306690738754696e-16,0.7979619839004226,2.1325450738329024,-2.8960476032065943,0.9999420063071707,1.2506994253991588,0.7430707885116995,6.948330141106438
12.0,B,SOLVED,0.008644591519109708,0.9014186390333568,1.037766531029876,0.05634861006557077,2.4997981581921764e-7,2.499798181389886e-7,2.4997981376386313e-7,7.499394477220694e-7,3.998165054131295,3.999779481883797,-3.999806789667847,0.9999516974169638,2.0678589493347674,1.4146993841613549,11.488105274082042
12.0,C,SOLVED,0.004303339170370054,0.9248989847820999,1.0162445745164344,0.04027819869404454,3.8570324184773304,-2.811021155993101,-1.0460112624842297,-2.220446049250313e-16,1.0587846573852338,2.8452180235099105,-3.8604403970174497,0.9999288733423571,1.1921691347737675,0.7228327621847368,6.623161859854264
18.0,B,SOLVED,0.005794816339765516,0.8948083360700423,1.0468688902018912,0.06425663490953559,2.499913312408617e-7,2.499738684822199e-7,2.4997359556443716e-7,7.499387952875188e-7,4.837641259757005,5.999683255344275,-5.999705115098481,0.9999508525164144,2.534221468904069,1.8396436456667362,14.079008160578162
18.0,C,SOLVED,1.0645273800909385e-5,0.9306186641322195,1.0123737795462988,0.0392745186478033,5.383888136103401,-3.7991351621091534,-1.5847529739942479,0.0,1.8305707121113513,4.17294983235125,-5.314381507257286,0.9477640440372572,1.1216508774726728,0.6872575042452607,6.2313937637370715
27.0,B,SOLVED,0.0015502245623684088,0.883179885243253,1.058357019725369,0.07605411184799357,2.4998519826252603e-7,2.4997734483433393e-7,2.499769775192662e-7,7.499395206161262e-7,4.896926218641167,8.99880075545728,-8.998915032421733,0.9998794480468596,3.395361363961294,2.5771704721171553,18.863118688673854
27.0,C,SOLVED,1.211098022406509e-6,0.9346139130496462,1.0108270368129688,0.036389954189050576,5.748600513032775,-3.9176938668882673,-1.8309066461445078,0.0,1.858735784373124,3.763440555776433,-5.015115424659791,0.6712923465231937,1.0043084697867388,0.5900118936624932,5.579491498815216
