split_kw,unbalance_index,scenario,objective,bus_id,bus_name,phase,vm_ground_pu,vm_neutral_pu,nev_pu,nev_v
6.0/6.0/6.0,0.0,A,cost,2,midbus,1,0.9898879497155985,0.9898879497155985,6.1735537871920706e-18,1.4257211763567905e-15
6.0/6.0/6.0,0.0,A,cost,2,midbus,2,0.9898879497155983,0.9898879497155983,6.1735537871920706e-18,1.4257211763567905e-15
6.0/6.0/6.0,0.0,A,cost,2,midbus,3,0.9898879497155985,0.9898879497155985,6.1735537871920706e-18,1.4257211763567905e-15
6.0/6.0/6.0,0.0,A,cost,3,loadbus,1,0.9839096630687911,0.9839096630687911,1.0199354372050827e-17,2.3554399969055727e-15
6.0/6.0/6.0,0.0,A,cost,3,loadbus,2,0.9839096630687911,0.9839096630687911,1.0199354372050827e-17,2.3554399969055727e-15
6.0/6.0/6.0,0.0,A,cost,3,loadbus,3,0.9839096630687912,0.9839096630687912,1.0199354372050827e-17,2.3554399969055727e-15
6.0/6.0/6.0,0.0,A,cost,1,sourcebus,1,0.9998517700078622,0.9998517700078622,0.0,0.0
6.0/6.0/6.0,0.0,A,cost,1,sourcebus,2,0.9998517700078622,0.9998517700078622,0.0,0.0
6.0/6.0/6.0,0.0,A,cost,1,sourcebus,3,0.9998517700078623,0.9998517700078623,0.0,0.0
6.0/6.0/6.0,0.0,B,cost,2,midbus,1,0.9909172057260283,0.9909172057260276,9.897125803692918e-16,2.285643298786279e-13
6.0/6.0/6.0,0.0,B,cost,2,midbus,2,0.9909172057260286,0.9909172057260284,9.897125803692918e-16,2.285643298786279e-13
6.0/6.0/6.0,0.0,B,cost,2,midbus,3,0.9909172057260285,0.9909172057260295,9.897125803692918e-16,2.285643298786279e-13
6.0/6.0/6.0,0.0,B,cost,3,loadbus,1,0.9855104635408588,0.9855104635408577,1.5835320480895662e-15,3.6570106169396425e-13
6.0/6.0/6.0,0.0,B,cost,3,loadbus,2,0.9855104635408594,0.9855104635408589,1.5835320480895662e-15,3.6570106169396425e-13
6.0/6.0/6.0,0.0,B,cost,3,loadbus,3,0.9855104635408591,0.9855104635408607,1.5835320480895662e-15,3.6570106169396425e-13
6.0/6.0/6.0,0.0,B,cost,1,sourcebus,1,0.9999349352238455,0.9999349352238455,0.0,0.0
6.0/6.0/6.0,0.0,B,cost,1,sourcebus,2,0.9999349352238454,0.9999349352238454,0.0,0.0
6.0/6.0/6.0,0.0,B,cost,1,sourcebus,3,0.9999349352238455,0.9999349352238455,0.0,0.0
6.0/6.0/6.0,0.0,C,cost,2,midbus,1,0.9909129430391144,0.9909129430391144,1.5364320109590172e-17,3.5482377404749864e-15
6.0/6.0/6.0,0.0,C,cost,2,midbus,2,0.9909129430391143,0.9909129430391143,1.5364320109590172e-17,3.5482377404749864e-15
6.0/6.0/6.0,0.0,C,cost,2,midbus,3,0.9909129430391144,0.9909129430391144,1.5364320109590172e-17,3.5482377404749864e-15
6.0/6.0/6.0,0.0,C,cost,3,loadbus,1,0.9855038178929296,0.9855038178929296,2.50559030294706e-17,5.786412943541605e-15
6.0/6.0/6.0,0.0,C,cost,3,loadbus,2,0.9855038178929296,0.9855038178929296,2.50559030294706e-17,5.786412943541605e-15
6.0/6.0/6.0,0.0,C,cost,3,loadbus,3,0.9855038178929297,0.9855038178929297,2.50559030294706e-17,5.786412943541605e-15
6.0/6.0/6.0,0.0,C,cost,1,sourcebus,1,0.9999345879086612,0.9999345879086612,0.0,0.0
6.0/6.0/6.0,0.0,C,cost,1,sourcebus,2,0.9999345879086611,0.9999345879086611,0.0,0.0
6.0/6.0/6.0,0.0,C,cost,1,sourcebus,3,0.9999345879086612,0.9999345879086612,0.0,0.0
6.0/6.0/6.0,0.0,B,VUF,2,midbus,1,0.9898892245086934,0.9898892245086911,5.388390786788325e-15,1.2443955485004555e-12
6.0/6.0/6.0,0.0,B,VUF,2,midbus,2,0.9898892245086931,0.9898892245086901,5.388390786788325e-15,1.2443955485004555e-12
6.0/6.0/6.0,0.0,B,VUF,2,midbus,3,0.9898892245086998,0.9898892245087051,5.388390786788325e-15,1.2443955485004555e-12
6.0/6.0/6.0,0.0,B,VUF,3,loadbus,1,0.9839116410990396,0.9839116410990358,8.621669783496196e-15,1.9910893481462367e-12
6.0/6.0/6.0,0.0,B,VUF,3,loadbus,2,0.9839116410990423,0.9839116410990374,8.621669783496196e-15,1.9910893481462367e-12
6.0/6.0/6.0,0.0,B,VUF,3,loadbus,3,0.9839116410990566,0.9839116410990651,8.621669783496196e-15,1.9910893481462367e-12
6.0/6.0/6.0,0.0,B,VUF,1,sourcebus,1,0.9998518721271765,0.9998518721271765,0.0,0.0
6.0/6.0/6.0,0.0,B,VUF,1,sourcebus,2,0.9998518721271764,0.9998518721271764,0.0,0.0
6.0/6.0/6.0,0.0,B,VUF,1,sourcebus,3,0.9998518721271766,0.9998518721271766,0.0,0.0
6.0/6.0/6.0,0.0,C,VUF,2,midbus,1,0.9898886781553025,0.9898886781553025,2.7304872122103877e-17,6.3057901079539924e-15
6.0/6.0/6.0,0.0,C,VUF,2,midbus,2,0.9898886781553025,0.9898886781553025,2.7304872122103877e-17,6.3057901079539924e-15
6.0/6.0/6.0,0.0,C,VUF,2,midbus,3,0.9898886781553026,0.9898886781553026,2.7304872122103877e-17,6.3057901079539924e-15
6.0/6.0/6.0,0.0,C,VUF,3,loadbus,1,0.9839107933397837,0.9839107933397837,4.3501043861309606e-17,1.0046135753342729e-14
6.0/6.0/6.0,0.0,C,VUF,3,loadbus,2,0.9839107933397837,0.9839107933397837,4.3501043861309606e-17,1.0046135753342729e-14
6.0/6.0/6.0,0.0,C,VUF,3,loadbus,3,0.9839107933397837,0.9839107933397837,4.3501043861309606e-17,1.0046135753342729e-14
6.0/6.0/6.0,0.0,C,VUF,1,sourcebus,1,0.9998518283764435,0.9998518283764435,0.0,0.0
6.0/6.0/6.0,0.0,C,VUF,1,sourcebus,2,0.9998518283764435,0.9998518283764435,0.0,0.0
6.0/6.0/6.0,0.0,C,VUF,1,sourcebus,3,0.9998518283764436,0.9998518283764436,0.0,0.0
8.0/5.5/4.5,0.5833333333333334,A,cost,2,midbus,1,0.9863022885393772,0.9812870847087205,0.005242251328248178,1.2106460862095036
8.0/5.5/4.5,0.5833333333333334,A,cost,2,midbus,2,0.9908039213513908,0.9920059874036781,0.005242251328248178,1.2106460862095036
8.0/5.5/4.5,0.5833333333333334,A,cost,2,midbus,3,0.9924774731975745,0.996310877547018,0.005242251328248178,1.2106460862095036
8.0/5.5/4.5,0.5833333333333334,A,cost,3,loadbus,1,0.9782050175852524,0.9701819709060822,0.008387602125197062,1.9370337379352005
8.0/5.5/4.5,0.5833333333333334,A,cost,3,loadbus,2,0.9853692538153912,0.9873044788498901,0.008387602125197062,1.9370337379352005
8.0/5.5/4.5,0.5833333333333334,A,cost,3,loadbus,3,0.9880271495192684,0.9941670740988389,0.008387602125197062,1.9370337379352005
8.0/5.5/4.5,0.5833333333333334,A,cost,1,sourcebus,1,0.999797744545198,0.999797744545198,0.0,0.0
8.0/5.5/4.5,0.5833333333333334,A,cost,1,sourcebus,2,0.9998617244146766,0.9998617244146766,0.0,0.0
8.0/5.5/4.5,0.5833333333333334,A,cost,1,sourcebus,3,0.9998946838006437,0.9998946838006437,0.0,0.0
8.0/5.5/4.5,0.5833333333333334,B,cost,2,midbus,1,0.98743948773047,0.9851512974002403,0.0024557795190431344,0.5671379865559694
8.0/5.5/4.5,0.5833333333333334,B,cost,2,midbus,2,0.9908691649708241,0.9912382002543406,0.0024557795190431344,0.5671379865559694
8.0/5.5/4.5,0.5833333333333334,B,cost,2,midbus,3,0.9935007659382207,0.9954177853657591,0.0024557795190431344,0.5671379865559694
8.0/5.5/4.5,0.5833333333333334,B,cost,3,loadbus,1,0.9799764859503634,0.9763132443000528,0.003929247230469069,0.9074207784895635
8.0/5.5/4.5,0.5833333333333334,B,cost,3,loadbus,2,0.9854680275430321,0.9860617532569306,0.003929247230469069,0.9074207784895635
8.0/5.5/4.5,0.5833333333333334,B,cost,3,loadbus,3,0.9896198744223964,0.9926839655364446,0.003929247230469069,0.9074207784895635
8.0/5.5/4.5,0.5833333333333334,B,cost,1,sourcebus,1,0.9998845991983851,0.9998845991983851,0.0,0.0
8.0/5.5/4.5,0.5833333333333334,B,cost,1,sourcebus,2,0.9998710807903989,0.9998710807903989,0.0,0.0
8.0/5.5/4.5,0.5833333333333334,B,cost,1,sourcebus,3,0.9999755889958749,0.9999755889958749,0.0,0.0
8.0/5.5/4.5,0.5833333333333334,C,cost,2,midbus,1,0.9893376485446173,0.9884388544820065,0.0010066096466874329,0.2324665401935454
8.0/5.5/4.5,0.5833333333333334,C,cost,2,midbus,2,0.9914142890265639,0.9914721422607705,0.0010066096466874329,0.2324665401935454
8.0/5.5/4.5,0.5833333333333334,C,cost,2,midbus,3,0.9910124790243525,0.9918537050158885,0.0010066096466874329,0.2324665401935454
8.0/5.5/4.5,0.5833333333333334,C,cost,3,loadbus,1,0.9830146875086857,0.9815761151180706,0.0016105754346998657,0.3719464643096664
8.0/5.5/4.5,0.5833333333333334,C,cost,3,loadbus,2,0.9863158198725025,0.9864104885405814,0.0016105754346998657,0.3719464643096664
8.0/5.5/4.5,0.5833333333333334,C,cost,3,loadbus,3,0.9856632320356733,0.9870078962078924,0.0016105754346998657,0.3719464643096664
8.0/5.5/4.5,0.5833333333333334,C,cost,1,sourcebus,1,0.9998774128802865,0.9998774128802865,0.0,0.0
8.0/5.5/4.5,0.5833333333333334,C,cost,1,sourcebus,2,0.99991391102074,0.99991391102074,0.0,0.0
8.0/5.5/4.5,0.5833333333333334,C,cost,1,sourcebus,3,0.9999336999984891,0.9999336999984891,0.0,0.0
8.0/5.5/4.5,0.5833333333333334,B,VUF,2,midbus,1,0.9863390878957538,0.9764451331307615,0.009903945155525883,2.2872181606328637
8.0/5.5/4.5,0.5833333333333334,B,VUF,2,midbus,2,0.9918891357726392,0.9972733065662187,0.009903945155525883,2.2872181606328637
8.0/5.5/4.5,0.5833333333333334,B,VUF,2,midbus,3,0.9913643802937954,0.9959973549397455,0.009903945155525883,2.2872181606328637
8.0/5.5/4.5,0.5833333333333334,B,VUF,3,loadbus,1,0.9782607396445157,0.962430663794885,0.015846312248841414,3.659549057012582
8.0/5.5/4.5,0.5833333333333334,B,VUF,3,loadbus,2,0.9870586793413729,0.995728717341694,0.015846312248841414,3.659549057012582
8.0/5.5/4.5,0.5833333333333334,B,VUF,3,loadbus,3,0.98629838301571,0.9937735853115158,0.015846312248841414,3.659549057012582
8.0/5.5/4.5,0.5833333333333334,B,VUF,1,sourcebus,1,0.9998030966047696,0.9998030966047696,0.0,0.0
8.0/5.5/4.5,0.5833333333333334,B,VUF,1,sourcebus,2,0.9999458102042948,0.9999458102042948,0.0,0.0
8.0/5.5/4.5,0.5833333333333334,B,VUF,1,sourcebus,3,0.999814778086043,0.999814778086043,0.0,0.0
8.0/5.5/4.5,0.5833333333333334,C,VUF,2,midbus,1,0.9882362869231113,0.9835748503409955,0.004869387446514179,1.1245368612134186
8.0/5.5/4.5,0.5833333333333334,C,VUF,2,midbus,2,0.9903599772224996,0.9914957913105986,0.004869387446514179,1.1245368612134186
8.0/5.5/4.5,0.5833333333333334,C,VUF,2,midbus,3,0.9910413285886985,0.9945972423809722,0.004869387446514179,1.1245368612134186
8.0/5.5/4.5,0.5833333333333334,C,VUF,3,loadbus,1,0.9812887022369874,0.9738320951698519,0.007791019914422685,1.7992589779414692
8.0/5.5/4.5,0.5833333333333334,C,VUF,3,loadbus,2,0.9846401601900909,0.9864755262008464,0.007791019914422685,1.7992589779414692
8.0/5.5/4.5,0.5833333333333334,C,VUF,3,loadbus,3,0.9857593574788699,0.9914583182851977,0.007791019914422685,1.7992589779414692
8.0/5.5/4.5,0.5833333333333334,C,VUF,1,sourcebus,1,0.9998158023365773,0.9998158023365773,0.0,0.0
8.0/5.5/4.5,0.5833333333333334,C,VUF,1,sourcebus,2,0.999894886884817,0.999894886884817,0.0,0.0
8.0/5.5/4.5,0.5833333333333334,C,VUF,1,sourcebus,3,0.999845909346146,0.999845909346146,0.0,0.0
10.0/5.0/3.0,1.1666666666666667,A,cost,2,midbus,1,0.9826085483724233,0.9724650845260391,0.010576631444853992,2.4425684047223655
10.0/5.0/3.0,1.1666666666666667,A,cost,2,midbus,2,0.9917174374472246,0.9942594106373366,0.010576631444853992,2.4425684047223655
10.0/5.0/3.0,1.1666666666666667,A,cost,2,midbus,3,0.9950122726030927,1.002696331410344,0.010576631444853992,2.4425684047223655
10.0/5.0/3.0,1.1666666666666667,A,cost,3,loadbus,1,0.972328225052631,0.9561033386816485,0.01692261031176634,3.9081094475557734
10.0/5.0/3.0,1.1666666666666667,A,cost,3,loadbus,2,0.9868247301664321,0.9909411296868711,0.01692261031176634,3.9081094475557734
10.0/5.0/3.0,1.1666666666666667,A,cost,3,loadbus,3,0.9920579192843069,1.0043782800290633,0.01692261031176634,3.9081094475557734
10.0/5.0/3.0,1.1666666666666667,A,cost,1,sourcebus,1,0.9997424210307968,0.9997424210307968,0.0,0.0
10.0/5.0/3.0,1.1666666666666667,A,cost,1,sourcebus,2,0.9998719900731095,0.9998719900731095,0.0,0.0
10.0/5.0/3.0,1.1666666666666667,A,cost,1,sourcebus,3,0.9999361988960739,0.9999361988960739,0.0,0.0
10.0/5.0/3.0,1.1666666666666667,B,cost,2,midbus,1,0.9838807636150882,0.9793057575950028,0.0048938255291756825,1.1301805946546573
10.0/5.0/3.0,1.1666666666666667,B,cost,2,midbus,2,0.9907937976085798,0.9915647123868975,0.0048938255291756825,1.1301805946546573
10.0/5.0/3.0,1.1666666666666667,B,cost,2,midbus,3,0.9960363251609585,0.9998316053407917,0.0048938255291756825,1.1301805946546573
10.0/5.0/3.0,1.1666666666666667,B,cost,3,loadbus,1,0.9743139494843406,0.9669904360100743,0.007830120846681188,1.8082889514474738
10.0/5.0/3.0,1.1666666666666667,B,cost,3,loadbus,2,0.9853905886230121,0.9866232106089368,0.007830120846681188,1.8082889514474738
10.0/5.0/3.0,1.1666666666666667,B,cost,3,loadbus,3,0.9936533786973358,0.9997218548612649,0.007830120846681188,1.8082889514474738
10.0/5.0/3.0,1.1666666666666667,B,cost,1,sourcebus,1,0.9998323804264783,0.9998323804264783,0.0,0.0
10.0/5.0/3.0,1.1666666666666667,B,cost,1,sourcebus,2,0.9998046516937987,0.9998046516937987,0.0,0.0
10.0/5.0/3.0,1.1666666666666667,B,cost,1,sourcebus,3,1.000014559707766,1.000014559707766,0.0,0.0
10.0/5.0/3.0,1.1666666666666667,C,cost,2,midbus,1,0.9860900649957658,0.9829361806752767,0.0032997230037835417,0.7620383857942514
10.0/5.0/3.0,1.1666666666666667,C,cost,2,midbus,2,0.9914980102588449,0.9922356729551242,0.0032997230037835417,0.7620383857942514
10.0/5.0/3.0,1.1666666666666667,C,cost,2,midbus,3,0.9927431234373185,0.9951587356819508,0.0032997230037835417,0.7620383857942514
10.0/5.0/3.0,1.1666666666666667,C,cost,3,loadbus,1,0.9778565140951027,0.9728101302803442,0.005279556806053665,1.2192614172708018
10.0/5.0/3.0,1.1666666666666667,C,cost,3,loadbus,2,0.986485712972539,0.9876678536209814,0.005279556806053665,1.2192614172708018
10.0/5.0/3.0,1.1666666666666667,C,cost,3,loadbus,3,0.9884226739546647,0.9922855196772606,0.005279556806053665,1.2192614172708018
10.0/5.0/3.0,1.1666666666666667,C,cost,1,sourcebus,1,0.9998130117887967,0.9998130117887967,0.0,0.0
10.0/5.0/3.0,1.1666666666666667,C,cost,1,sourcebus,2,0.9998526752728667,0.9998526752728667,0.0,0.0
10.0/5.0/3.0,1.1666666666666667,C,cost,1,sourcebus,3,0.9999474476001269,0.9999474476001269,0.0,0.0
10.0/5.0/3.0,1.1666666666666667,B,VUF,2,midbus,1,0.982799834437219,0.9678940298807391,0.014916462955582056,3.4448095611049525
10.0/5.0/3.0,1.1666666666666667,B,VUF,2,midbus,2,0.9927760854279585,0.9998527896024386,0.014916462955582056,3.4448095611049525
10.0/5.0/3.0,1.1666666666666667,B,VUF,2,midbus,3,0.9938821078132183,1.0019510995948602,0.014916462955582056,3.4448095611049525
10.0/5.0/3.0,1.1666666666666667,B,VUF,3,loadbus,1,0.9726236516214629,0.9487740399859517,0.023866340728931294,5.511695297767925
10.0/5.0/3.0,1.1666666666666667,B,VUF,3,loadbus,2,0.9884712511990387,0.99991120048127,0.023866340728931294,5.511695297767925
10.0/5.0/3.0,1.1666666666666667,B,VUF,3,loadbus,3,0.9903022699372522,1.0033241058361528,0.023866340728931294,5.511695297767925
10.0/5.0/3.0,1.1666666666666667,B,VUF,1,sourcebus,1,0.9997607484349837,0.9997607484349837,0.0,0.0
10.0/5.0/3.0,1.1666666666666667,B,VUF,1,sourcebus,2,0.9999565657146682,0.9999565657146682,0.0,0.0
10.0/5.0/3.0,1.1666666666666667,B,VUF,1,sourcebus,3,0.9998555551204853,0.9998555551204853,0.0,0.0
10.0/5.0/3.0,1.1666666666666667,C,VUF,2,midbus,1,0.9858866700623271,0.9761256819759643,0.010169374876244518,2.3485165289159964
10.0/5.0/3.0,1.1666666666666667,C,VUF,2,midbus,2,0.9909919405666935,0.9934996184105401,0.010169374876244518,2.3485165289159964
10.0/5.0/3.0,1.1666666666666667,C,VUF,2,midbus,3,0.9926275889219088,1.0000044832441273,0.010169374876244518,2.3485165289159964
10.0/5.0/3.0,1.1666666666666667,C,VUF,3,loadbus,1,0.9775550334101445,0.961943692126739,0.016270999801991228,3.7576264462655935
10.0/5.0/3.0,1.1666666666666667,C,VUF,3,loadbus,2,0.9856317647137433,0.9897184083146878,0.016270999801991228,3.7576264462655935
10.0/5.0/3.0,1.1666666666666667,C,VUF,3,loadbus,3,0.9882947816044061,1.0001361042960952,0.016270999801991228,3.7576264462655935
10.0/5.0/3.0,1.1666666666666667,C,VUF,1,sourcebus,1,0.9997731827598424,0.9997731827598424,0.0,0.0
10.0/5.0/3.0,1.1666666666666667,C,VUF,1,sourcebus,2,0.9999318885303684,0.9999318885303684,0.0,0.0
10.0/5.0/3.0,1.1666666666666667,C,VUF,1,sourcebus,3,0.9998527084843093,0.9998527084843093,0.0,0.0
12.0/4.0/2.0,1.6666666666666667,A,cost,2,midbus,1,0.978804380703867,0.9633508509437263,0.01575271605167355,3.6379339411605853
12.0/4.0/2.0,1.6666666666666667,A,cost,2,midbus,2,0.9934811874045913,0.9986880166980392,0.01575271605167355,3.6379339411605853
12.0/4.0/2.0,1.6666666666666667,A,cost,2,midbus,3,0.9966587110644338,1.0070888399121365,0.01575271605167355,3.6379339411605853
12.0/4.0/2.0,1.6666666666666667,A,cost,3,loadbus,1,0.9662766010299705,0.9415558146477045,0.02520434568267762,5.8206943058569225
12.0/4.0/2.0,1.6666666666666667,A,cost,3,loadbus,2,0.9896318996608182,0.9980664145913597,0.02520434568267762,5.8206943058569225
12.0/4.0/2.0,1.6666666666666667,A,cost,3,loadbus,3,0.9946754223163035,1.0114308923395843,0.02520434568267762,5.8206943058569225
12.0/4.0/2.0,1.6666666666666667,A,cost,1,sourcebus,1,0.9996840134936942,0.9996840134936942,0.0,0.0
12.0/4.0/2.0,1.6666666666666667,A,cost,1,sourcebus,2,0.9998967123329695,0.9998967123329695,0.0,0.0
12.0/4.0/2.0,1.6666666666666667,A,cost,1,sourcebus,3,0.9999641974900038,0.9999641974900038,0.0,0.0
12.0/4.0/2.0,1.6666666666666667,B,cost,2,midbus,1,0.9801626014843339,0.9708569513356837,0.009448237120253763,2.18197689789837
12.0/4.0/2.0,1.6666666666666667,B,cost,2,midbus,2,0.9924012188035313,0.9956273966029437,0.009448237120253763,2.18197689789837
12.0/4.0/2.0,1.6666666666666667,B,cost,2,midbus,3,0.9977044346897398,1.0037972169695712,0.009448237120253763,2.18197689789837
12.0/4.0/2.0,1.6666666666666667,B,cost,3,loadbus,1,0.9683989989787728,0.9535064911673741,0.015117179392406033,3.4911630366373947
12.0/4.0/2.0,1.6666666666666667,B,cost,3,loadbus,2,0.9879577263860864,0.9931308983692445,0.015117179392406033,3.4911630366373947
12.0/4.0/2.0,1.6666666666666667,B,cost,3,loadbus,3,0.9963056657313198,1.0060592308052168,0.015117179392406033,3.4911630366373947
12.0/4.0/2.0,1.6666666666666667,B,cost,1,sourcebus,1,0.9997757489434441,0.9997757489434441,0.0,0.0
12.0/4.0/2.0,1.6666666666666667,B,cost,1,sourcebus,2,0.9998150260012565,0.9998150260012565,0.0,0.0
12.0/4.0/2.0,1.6666666666666667,B,cost,1,sourcebus,3,1.0000422974111338,1.0000422974111338,0.0,0.0
12.0/4.0/2.0,1.6666666666666667,C,cost,2,midbus,1,0.9825563400732908,0.9765715440096044,0.006108575339183104,1.41071504657699
12.0/4.0/2.0,1.6666666666666667,C,cost,2,midbus,2,0.9922856175758964,0.9942176697377054,0.006108575339183104,1.41071504657699
12.0/4.0/2.0,1.6666666666666667,C,cost,2,midbus,3,0.9945064275792797,0.9985586202570154,0.006108575339183104,1.41071504657699
12.0/4.0/2.0,1.6666666666666667,C,cost,3,loadbus,1,0.9722392235173061,0.9626639350571881,0.009773720542692967,2.257144074523184
12.0/4.0/2.0,1.6666666666666667,C,cost,3,loadbus,2,0.9877724863732127,0.9908627395267566,0.009773720542692967,2.257144074523184
12.0/4.0/2.0,1.6666666666666667,C,cost,3,loadbus,3,0.9912263422170102,0.9977103503348794,0.009773720542692967,2.257144074523184
12.0/4.0/2.0,1.6666666666666667,C,cost,1,sourcebus,1,0.9997516109402075,0.9997516109402075,0.0,0.0
12.0/4.0/2.0,1.6666666666666667,C,cost,1,sourcebus,2,0.9998152225183683,0.9998152225183683,0.0,0.0
12.0/4.0/2.0,1.6666666666666667,C,cost,1,sourcebus,3,0.9999770467151391,0.9999770467151391,0.0,0.0
12.0/4.0/2.0,1.6666666666666667,B,VUF,2,midbus,1,0.9796619275655807,0.9600377305141369,0.019659130232484882,4.540081652703623
12.0/4.0/2.0,1.6666666666666667,B,VUF,2,midbus,2,0.994505669047353,1.0054507716661854,0.019659130232484882,4.540081652703623
12.0/4.0/2.0,1.6666666666666667,B,VUF,2,midbus,3,0.9954955701824294,1.004563444944232,0.019659130232484882,4.540081652703623
12.0/4.0/2.0,1.6666666666666667,B,VUF,3,loadbus,1,0.9676110947242349,0.9362163333397852,0.03145460837197581,7.264130644325797
12.0/4.0/2.0,1.6666666666666667,B,VUF,3,loadbus,2,0.9912230473589372,1.0089042575929585,0.03145460837197581,7.264130644325797
12.0/4.0/2.0,1.6666666666666667,B,VUF,3,loadbus,3,0.9928677853293136,1.0075712648892072,0.03145460837197581,7.264130644325797
12.0/4.0/2.0,1.6666666666666667,B,VUF,1,sourcebus,1,0.9997524830010949,0.9997524830010949,0.0,0.0
12.0/4.0/2.0,1.6666666666666667,B,VUF,1,sourcebus,2,0.9999823619377319,0.9999823619377319,0.0,0.0
12.0/4.0/2.0,1.6666666666666667,B,VUF,1,sourcebus,3,0.9998822078490969,0.9998822078490969,0.0,0.0
12.0/4.0/2.0,1.6666666666666667,C,VUF,2,midbus,1,0.9822160025390588,0.9672372483272433,0.015279224112458167,3.528585661734538
12.0/4.0/2.0,1.6666666666666667,C,VUF,2,midbus,2,0.9924265101546025,0.9974752450768665,0.015279224112458167,3.528585661734538
12.0/4.0/2.0,1.6666666666666667,C,VUF,2,midbus,3,0.9945101862974801,1.0046834969796592,0.015279224112458167,3.528585661734538
12.0/4.0/2.0,1.6666666666666667,C,VUF,3,loadbus,1,0.9717125132121985,0.9477527141695377,0.024446758579933066,5.645737058775261
12.0/4.0/2.0,1.6666666666666667,C,VUF,3,loadbus,2,0.9879163355024935,0.9961325554074212,0.024446758579933066,5.645737058775261
12.0/4.0/2.0,1.6666666666666667,C,VUF,3,loadbus,3,0.9912913702289341,1.0076567949595048,0.024446758579933066,5.645737058775261
12.0/4.0/2.0,1.6666666666666667,C,VUF,1,sourcebus,1,0.9997220214983783,0.9997220214983783,0.0,0.0
12.0/4.0/2.0,1.6666666666666667,C,VUF,1,sourcebus,2,0.9999492202968808,0.9999492202968808,0.0,0.0
12.0/4.0/2.0,1.6666666666666667,C,VUF,1,sourcebus,3,0.9998793986190044,0.9998793986190044,0.0,0.0
14.0/3.0/1.0,2.1666666666666665,A,cost,2,midbus,1,0.9748690399990192,0.9539619304907144,0.02113826961203096,4.881674260283584
14.0/3.0/1.0,2.1666666666666665,A,cost,2,midbus,2,0.9952224198085764,1.0031865376549085,0.02113826961203096,4.881674260283584
14.0/3.0/1.0,2.1666666666666665,A,cost,2,midbus,3,0.9982808820389363,1.0115545385031686,0.02113826961203096,4.881674260283584
14.0/3.0/1.0,2.1666666666666665,A,cost,3,loadbus,1,0.9600162850119216,0.9265699908690949,0.03382123137924945,7.810678816453716
14.0/3.0/1.0,2.1666666666666665,A,cost,3,loadbus,2,0.9924029187950076,1.005325165795331,0.03382123137924945,7.810678816453716
14.0/3.0/1.0,2.1666666666666665,A,cost,3,loadbus,3,0.9972545735884132,1.0186219487657018,0.03382123137924945,7.810678816453716
14.0/3.0/1.0,2.1666666666666665,A,cost,1,sourcebus,1,0.999623632175995,0.999623632175995,0.0,0.0
14.0/3.0/1.0,2.1666666666666665,A,cost,1,sourcebus,2,0.9999216298490098,0.9999216298490098,0.0,0.0
14.0/3.0/1.0,2.1666666666666665,A,cost,1,sourcebus,3,0.9999914063948198,0.9999914063948198,0.0,0.0
14.0/3.0/1.0,2.1666666666666665,B,cost,2,midbus,1,0.976303027479162,0.9615872169349398,0.014806879918763649,3.419502442782663
14.0/3.0/1.0,2.1666666666666665,B,cost,2,midbus,2,0.9941795274515571,1.0001308630447003,0.014806879918763649,3.419502442782663
14.0/3.0/1.0,2.1666666666666665,B,cost,2,midbus,3,0.9993500361888705,1.0081972668570054,0.014806879918763649,3.419502442782663
14.0/3.0/1.0,2.1666666666666665,B,cost,3,loadbus,1,0.9622591844181686,0.9387103060865589,0.023691007870021968,5.471203908452291
14.0/3.0/1.0,2.1666666666666665,B,cost,3,loadbus,2,0.9907878380619537,1.000357599519746,0.023691007870021968,5.471203908452291
14.0/3.0/1.0,2.1666666666666665,B,cost,3,loadbus,3,0.9989221040887843,1.0131126089264704,0.023691007870021968,5.471203908452291
14.0/3.0/1.0,2.1666666666666665,B,cost,1,sourcebus,1,0.9997168559175228,0.9997168559175228,0.0,0.0
14.0/3.0/1.0,2.1666666666666665,B,cost,1,sourcebus,2,0.9998402936839526,0.9998402936839526,0.0,0.0
14.0/3.0/1.0,2.1666666666666665,B,cost,1,sourcebus,3,1.0000696270363567,1.0000696270363567,0.0,0.0
14.0/3.0/1.0,2.1666666666666665,C,cost,2,midbus,1,0.9787951075213773,0.9675894916770448,0.011339141056468166,2.6186624565324133
14.0/3.0/1.0,2.1666666666666665,C,cost,2,midbus,2,0.9939265884407673,0.9980541841145094,0.011339141056468166,2.6186624565324133
14.0/3.0/1.0,2.1666666666666665,C,cost,2,midbus,3,0.9963002813709487,1.0034216356402965,0.011339141056468166,2.6186624565324133
14.0/3.0/1.0,2.1666666666666665,C,cost,3,loadbus,1,0.9662580314994653,0.9483303162105624,0.018142625690349076,4.189859930451863
14.0/3.0/1.0,2.1666666666666665,C,cost,3,loadbus,2,0.99038369664316,0.9970106982552126,0.018142625690349076,4.189859930451863
14.0/3.0/1.0,2.1666666666666665,C,cost,3,loadbus,3,0.9940772196690313,1.0054895761780842,0.018142625690349076,4.189859930451863
14.0/3.0/1.0,2.1666666666666665,C,cost,1,sourcebus,1,0.9996902560025969,0.9996902560025969,0.0,0.0
14.0/3.0/1.0,2.1666666666666665,C,cost,1,sourcebus,2,0.9998389160341671,0.9998389160341671,0.0,0.0
14.0/3.0/1.0,2.1666666666666665,C,cost,1,sourcebus,3,1.0000094796159882,1.0000094796159882,0.0,0.0
14.0/3.0/1.0,2.1666666666666665,B,VUF,2,midbus,1,0.9758419281730646,0.950895706618697,0.02498694017076372,5.770486653526203
14.0/3.0/1.0,2.1666666666666665,B,VUF,2,midbus,2,0.9962008688995797,1.0100926632653449,0.02498694017076372,5.770486653526203
14.0/3.0/1.0,2.1666666666666665,B,VUF,2,midbus,3,0.9971081073858487,1.0087548040052592,0.02498694017076372,5.770486653526203
14.0/3.0/1.0,2.1666666666666665,B,VUF,3,loadbus,1,0.9615309945546835,0.921622653592463,0.03997910427322195,9.232778645641925
14.0/3.0/1.0,2.1666666666666665,B,VUF,3,loadbus,2,0.9939207131572675,1.0164045239750061,0.03997910427322195,9.232778645641925
14.0/3.0/1.0,2.1666666666666665,B,VUF,3,loadbus,3,0.9954316981170085,1.014360923546656,0.03997910427322195,9.232778645641925
14.0/3.0/1.0,2.1666666666666665,B,VUF,1,sourcebus,1,0.9997009786889024,0.9997009786889024,0.0,0.0
14.0/3.0/1.0,2.1666666666666665,B,VUF,1,sourcebus,2,1.0000067811851394,1.0000067811851394,0.0,0.0
14.0/3.0/1.0,2.1666666666666665,B,VUF,1,sourcebus,3,0.9999092140928787,0.9999092140928787,0.0,0.0
14.0/3.0/1.0,2.1666666666666665,C,VUF,2,midbus,1,0.978392918721316,0.9580861792917805,0.02054328305231109,4.744268000116194
14.0/3.0/1.0,2.1666666666666665,C,VUF,2,midbus,2,0.9940052651094773,1.0017302165383135,0.02054328305231109,4.744268000116194
14.0/3.0/1.0,2.1666666666666665,C,VUF,2,midbus,3,0.9962565789068478,1.009244818919984,0.02054328305231109,4.744268000116194
14.0/3.0/1.0,2.1666666666666665,C,VUF,3,loadbus,1,0.9656288688443497,0.9331442561859281,0.03286925288369774,7.5908288001859106
14.0/3.0/1.0,2.1666666666666665,C,VUF,3,loadbus,2,0.9904297248014295,1.0030116719853084,0.03286925288369774,7.5908288001859106
14.0/3.0/1.0,2.1666666666666665,C,VUF,3,loadbus,3,0.9940695632949864,1.0150085169843217,0.03286925288369774,7.5908288001859106
14.0/3.0/1.0,2.1666666666666665,C,VUF,1,sourcebus,1,0.9996664315738725,0.9996664315738725,0.0,0.0
14.0/3.0/1.0,2.1666666666666665,C,VUF,1,sourcebus,2,0.9999699306351753,0.9999699306351753,0.0,0.0
14.0/3.0/1.0,2.1666666666666665,C,VUF,1,sourcebus,3,0.9999065274694097,0.9999065274694097,0.0,0.0
16.0/1.5/0.5,2.5833333333333335,A,cost,2,midbus,1,0.9707955549603035,0.9442320750112203,0.026630065701905452,6.1499502406130135
16.0/1.5/0.5,2.5833333333333335,A,cost,2,midbus,2,0.9977650694794907,1.0097063192315459,0.026630065701905452,6.1499502406130135
16.0/1.5/0.5,2.5833333333333335,A,cost,2,midbus,3,0.9990605827023578,1.01420822906566,0.026630065701905452,6.1499502406130135
16.0/1.5/0.5,2.5833333333333335,A,cost,3,loadbus,1,0.9535374341537434,0.9110378022484535,0.04260810512304863,9.839920384980799
16.0/1.5/0.5,2.5833333333333335,A,cost,3,loadbus,2,0.9964477825642674,1.015818438146748,0.04260810512304863,9.839920384980799
16.0/1.5/0.5,2.5833333333333335,A,cost,3,loadbus,3,0.9984932406822123,1.0229577832518983,0.04260810512304863,9.839920384980799
16.0/1.5/0.5,2.5833333333333335,A,cost,1,sourcebus,1,0.9995590896831567,0.9995590896831567,0.0,0.0
16.0/1.5/0.5,2.5833333333333335,A,cost,1,sourcebus,2,0.9999605689153398,0.9999605689153398,0.0,0.0
16.0/1.5/0.5,2.5833333333333335,A,cost,1,sourcebus,3,1.0000061692803575,1.0000061692803575,0.0,0.0
16.0/1.5/0.5,2.5833333333333335,B,cost,2,midbus,1,0.972305811915186,0.9519779514137725,0.020330720487284164,4.695178778461021
16.0/1.5/0.5,2.5833333333333335,B,cost,2,midbus,2,0.9967640334510086,1.0066737950711724,0.020330720487284164,4.695178778461021
16.0/1.5/0.5,2.5833333333333335,B,cost,2,midbus,3,1.0001550182638768,1.0107770646698915,0.020330720487284164,4.695178778461021
16.0/1.5/0.5,2.5833333333333335,B,cost,3,loadbus,1,0.9559014294252673,0.9233759147130645,0.0325291527796547,7.512286045537643
16.0/1.5/0.5,2.5833333333333335,B,cost,3,loadbus,2,0.9948992417331756,1.0108526908838165,0.0325291527796547,7.512286045537643
16.0/1.5/0.5,2.5833333333333335,B,cost,3,loadbus,3,1.0002010539425787,1.0172924004701136,0.0325291527796547,7.512286045537643
16.0/1.5/0.5,2.5833333333333335,B,cost,1,sourcebus,1,0.9996538913864514,0.9996538913864514,0.0,0.0
16.0/1.5/0.5,2.5833333333333335,B,cost,1,sourcebus,2,0.9998796454635691,0.9998796454635691,0.0,0.0
16.0/1.5/0.5,2.5833333333333335,B,cost,1,sourcebus,3,1.000084467176028,1.000084467176028,0.0,0.0
16.0/1.5/0.5,2.5833333333333335,C,cost,2,midbus,1,0.9749021572582841,0.9583069780413457,0.016640670816643586,3.84299831019405
16.0/1.5/0.5,2.5833333333333335,C,cost,2,midbus,2,0.996272653391625,1.0035756966934573,0.016640670816643586,3.84299831019405
16.0/1.5/0.5,2.5833333333333335,C,cost,2,midbus,3,0.9974268772335925,1.0068477390120025,0.016640670816643586,3.84299831019405
16.0/1.5/0.5,2.5833333333333335,C,cost,3,loadbus,1,0.9600679319504508,0.9335164444007383,0.026625073306629738,6.148797296310479
16.0/1.5/0.5,2.5833333333333335,C,cost,3,loadbus,2,0.994114603133174,1.0058648788505775,0.026625073306629738,6.148797296310479
16.0/1.5/0.5,2.5833333333333335,C,cost,3,loadbus,3,0.9958650611963437,1.0109958014839637,0.026625073306629738,6.148797296310479
16.0/1.5/0.5,2.5833333333333335,C,cost,1,sourcebus,1,0.9996258661068641,0.9996258661068641,0.0,0.0
16.0/1.5/0.5,2.5833333333333335,C,cost,1,sourcebus,2,0.9998761861504393,0.9998761861504393,0.0,0.0
16.0/1.5/0.5,2.5833333333333335,C,cost,1,sourcebus,3,1.0000347524132436,1.0000347524132436,0.0,0.0
16.0/1.5/0.5,2.5833333333333335,B,VUF,2,midbus,1,0.9717582167388168,0.9412078322032322,0.030666406341051333,7.082103182433774
16.0/1.5/0.5,2.5833333333333335,B,VUF,2,midbus,2,0.9986875942312148,1.0165247688886971,0.030666406341051333,7.082103182433774
16.0/1.5/0.5,2.5833333333333335,B,VUF,2,midbus,3,0.9978719509328916,1.0114426411563744,0.030666406341051333,7.082103182433774
16.0/1.5/0.5,2.5833333333333335,B,VUF,3,loadbus,1,0.9550357759198463,0.9061675116057097,0.04906625014568213,11.331365091894039
16.0/1.5/0.5,2.5833333333333335,B,VUF,3,loadbus,2,0.9978768648813063,1.0267712689984263,0.04906625014568213,11.331365091894039
16.0/1.5/0.5,2.5833333333333335,B,VUF,3,loadbus,3,0.9966450485410083,1.0187933246089387,0.04906625014568213,11.331365091894039
16.0/1.5/0.5,2.5833333333333335,B,VUF,1,sourcebus,1,0.9996363722604875,0.9996363722604875,0.0,0.0
16.0/1.5/0.5,2.5833333333333335,B,VUF,1,sourcebus,2,1.0000446609765765,1.0000446609765765,0.0,0.0
16.0/1.5/0.5,2.5833333333333335,B,VUF,1,sourcebus,3,0.9999239630965875,0.9999239630965875,0.0,0.0
16.0/1.5/0.5,2.5833333333333335,C,VUF,2,midbus,1,0.9744450962114476,0.948631009574199,0.02588288411126097,5.977396043616164
16.0/1.5/0.5,2.5833333333333335,C,VUF,2,midbus,2,0.9962885621352736,1.0079052079993767,0.02588288411126097,5.977396043616164
16.0/1.5/0.5,2.5833333333333335,C,VUF,2,midbus,3,0.9972428321247945,1.012053768584253,0.02588288411126097,5.977396043616164
16.0/1.5/0.5,2.5833333333333335,C,VUF,3,loadbus,1,0.9593466314020475,0.9180462790591569,0.04141261457801756,9.563833669785863
16.0/1.5/0.5,2.5833333333333335,C,VUF,3,loadbus,2,0.9940637679851271,1.0129601680182891,0.04141261457801756,9.563833669785863
16.0/1.5/0.5,2.5833333333333335,C,VUF,3,loadbus,3,0.9956393406148514,1.0196027526153886,0.04141261457801756,9.563833669785863
16.0/1.5/0.5,2.5833333333333335,C,VUF,1,sourcebus,1,0.9996092208806998,0.9996092208806998,0.0,0.0
16.0/1.5/0.5,2.5833333333333335,C,VUF,1,sourcebus,2,1.0000015958122108,1.0000015958122108,0.0,0.0
16.0/1.5/0.5,2.5833333333333335,C,VUF,1,sourcebus,3,0.9999209197986192,0.9999209197986192,0.0,0.0
