allocation,x_kva_per_lot,scenario,objective,status,q_pv_none_kvar,q_pv_with_kvar,displaced_kvar,statcom_abs_q_kvar,subst_ratio,dp_pv_kw,vmax_none_v,vmax_with_v,vuf_with_pct
3/3/3,13.90625,B,cost,SOLVED,-69.47019864422451,-66.85729812804995,2.6129005161745624,9.570959350509554,0.2730029896151897,0.8682936610608749,252.21604485854644,251.81700838571973,9.279825683943394e-9
3/3/3,13.90625,Bc,cost,SOLVED,-69.47019864422451,-69.47051551052323,-0.000316866298717855,0.001156980917859431,-0.27387340087172735,-0.00010609023047436494,252.21604485854644,252.21609268369204,1.5628678473863592e-11
3/3/3,13.90625,C,cost,SOLVED,-69.47019864422451,-69.47019864422458,-7.105427357601002e-14,3.870679005978696e-15,,5.684341886080802e-14,252.21604485854644,252.2160448585894,1.467143268269626e-11
3/3/3,13.90625,D,cost,SOLVED,-69.47019864422451,-66.85736417524055,2.612834468983962,9.570714352420605,,0.8682717941594547,252.21604485854644,251.81701864028906,1.5414516218167153e-14
4/3/2,11.171875,B,cost,SOLVED,-41.36982364902593,-40.00957070731929,1.3602529417066407,22.799374892126508,0.05966185249124474,1.1440118671348216,253.03907424865886,250.03673793206488,2.319106976746673
4/3/2,11.171875,B,VUF,SOLVED,-41.36982364902593,-39.4485741630725,1.9212494859534317,28.414698388478094,0.0676146359073261,-4.443304680489746,253.03907424865886,254.85281270957822,0.48421874973368345
4/3/2,11.171875,Bc,cost,SOLVED,-41.36982364902593,-43.163930766087404,-1.794107117061472,9.999979979835258,-0.17941107089006678,0.11599241505933833,253.03907424865886,251.58637179742445,2.168186434891772
4/3/2,11.171875,Bc,VUF,SOLVED,-41.36982364902593,-43.3059322391011,-1.9361085900751647,10.00019073486737,-0.19360716624379892,-3.243843138173503,253.03907424865886,254.52520478171039,1.1103665998421095
4/3/2,11.171875,C,cost,SOLVED,-41.36982364902593,-40.00088129579854,1.3689423532273892,1.0268222432501491e-15,,1.1767707797484093,253.03907424865886,251.2528277841318,0.37021522610991736
4/3/2,11.171875,C,VUF,SOLVED,-41.36982364902593,-39.993902718105524,1.3759209309204081,3.017960603538561e-14,,1.1730337850985393,253.03907424865886,251.30762410056084,0.36960301868829
4/3/2,11.171875,D,cost,SOLVED,-41.36982364902593,-39.45575426545596,1.9140693835699736,4.47862450631563,,1.3333977487403388,253.03907424865886,250.8895006247977,0.35984943510932227
4/3/2,11.171875,D,VUF,SOLVED,-41.36982364902593,-40.61752939567097,0.752294253354961,17.01211530856487,,0.6310081701163313,253.03907424865886,251.8134917889675,0.028780137792011676
5/3/1,6.9140625,B,cost,SOLVED,-13.540089091886342,-9.123659298027388,4.4164297938589545,23.157197486959326,0.19071521052346724,1.4857506339645,250.4642588093381,245.95235654370603,2.7567603746709137
5/3/1,6.9140625,B,VUF,SOLVED,-13.540089091886342,-18.403263792734943,-4.863174700848601,26.053955557607967,-0.1866578259142119,-1.903704575553121,250.4642588093381,253.9312690551337,0.7942206520093592
5/3/1,6.9140625,Bc,cost,SOLVED,-13.540089091886342,-11.217562779430954,2.3225263124553877,10.000113073050885,0.23225000512387403,0.9226708476470264,250.4642588093381,248.11043792861005,2.5068126276079328
5/3/1,6.9140625,Bc,VUF,SOLVED,-13.540089091886342,-16.4055615586329,-2.8654724667465583,10.000246951725478,-0.2865401705157031,-1.0286041807728168,250.4642588093381,252.47847131804446,1.4438928279926302
5/3/1,6.9140625,C,cost,SOLVED,-13.540089091886342,-6.64315755003748,6.896931541848862,2.3280577089750446e-16,,1.8684879798906309,250.4642588093381,244.06119565719248,0.4855370695594102
5/3/1,6.9140625,C,VUF,SOLVED,-13.540089091886342,-6.643335235225728,6.896753856660614,3.580110616186777e-15,,1.8684048896188585,250.4642588093381,244.0617583853138,0.4856222097696195
5/3/1,6.9140625,D,cost,SOLVED,-13.540089091886342,-6.616286526438131,6.923802565448211,5.108227329459631,,1.9191669875461344,250.4642588093381,244.2470813111931,0.6039380286858779
5/3/1,6.9140625,D,VUF,SOLVED,-13.540089091886342,-12.170474953262442,1.3696141386239002,17.793117112270334,,0.5083134089743737,250.4642588093381,249.24455919575166,0.03032273858592438
6/2/1,6.1328125,B,cost,SOLVED,-14.49377957905723,-8.692991255989323,5.800788323067907,20.12923414144609,0.28817729886325305,1.4866821483366977,250.61050316436615,246.7276672270738,2.9730002704516876
6/2/1,6.1328125,B,VUF,SOLVED,-14.49377957905723,-19.632313352784728,-5.138533773727497,21.04021426752046,-0.2442244032495331,-3.371160359997063,250.61050316436615,254.34129542611421,0.7724026621662446
6/2/1,6.1328125,Bc,cost,SOLVED,-14.49377957905723,-11.760098646158855,2.733680932898375,11.914702208578639,0.22943762127181933,0.871964265132064,250.61050316436615,248.55631303461837,2.5930220323380615
6/2/1,6.1328125,Bc,VUF,SOLVED,-14.49377957905723,-17.768089071075067,-3.274309492017837,12.807185392839248,-0.2556619109963512,-1.3480514838561675,250.61050316436615,253.04438100005513,1.5114641979466819
6/2/1,6.1328125,C,cost,SOLVED,-14.49377957905723,-6.303781159113354,8.189998419943876,8.629428076982912e-15,,1.9657109900521306,250.61050316436615,244.62401979885993,0.8119017537360482
6/2/1,6.1328125,C,VUF,SOLVED,-14.49377957905723,-6.4726647517475255,8.021114827309706,1.7467790191633098e-15,,1.9801112448025577,250.61050316436615,245.84606617250316,0.6010076981396648
6/2/1,6.1328125,D,cost,SOLVED,-14.49377957905723,-3.925922224480523,10.567857354576708,11.460373874333431,,2.2914153771705372,250.61050316436615,242.4300483877095,1.2643894848146728
6/2/1,6.1328125,D,VUF,SOLVED,-14.49377957905723,-13.291009896230868,1.2027696828263625,14.818308161138475,,0.5145204035396631,250.61050316436615,249.36867222214568,0.03471164627895707
7/1/1,5.390625,B,cost,SOLVED,-14.389425819729954,-9.355221344945434,5.03420447478452,23.110862808324452,0.2178284954801089,1.277363307332763,250.36717841670784,247.14018745278184,3.086820173089784
7/1/1,5.390625,B,VUF,SOLVED,-14.389425819729954,-19.91378659983029,-5.524360780100334,22.517980437123477,-0.24533109421272928,-4.105615574734614,250.36717841670784,254.47132021362103,0.704576486127045
7/1/1,5.390625,Bc,cost,SOLVED,-14.389425819729954,-12.434228369022238,1.9551974507077166,15.006016101327504,0.13029423915750368,0.605480164504371,250.36717841670784,248.98994185083396,2.5811888672332244
7/1/1,5.390625,Bc,VUF,SOLVED,-14.389425819729954,-18.690046460606844,-4.30062064087689,16.7919510685846,-0.25611202791811083,-1.6960372180758299,250.36717841670784,253.37836459750545,1.4988331866572333
7/1/1,5.390625,C,cost,SOLVED,-14.389425819729954,-6.308339841793657,8.081085977936297,2.794462293755878e-16,,1.8790549784205979,250.36717841670784,244.7755175918679,0.9783148003528108
7/1/1,5.390625,C,VUF,SOLVED,-14.389425819729954,-6.322169800405267,8.067256019324688,3.716022446521403e-14,,1.9215990313966387,250.36717841670784,245.81109061156573,0.7817788221327865
7/1/1,5.390625,D,cost,SOLVED,-14.389425819729954,-2.8090293020119907,11.580396517717963,13.177168354158658,,2.2552072435553896,250.36717841670784,242.23318516730978,1.645332435909578
7/1/1,5.390625,D,VUF,SOLVED,-14.389425819729954,-13.585733613835488,0.8036922058944658,16.982977825163026,,0.390151004609109,250.36717841670784,249.34483391599605,0.032871163760608946
